level_0,level_1,m/z,time,Intens.,SN,Quality Fac.,Res.,Area,Rel. Intens.,FWHM,Chi^2,Bk. Peak,Tail,id,name,hep/hhep,SAA/IS_SAA,tag,hep avg,hep std,hep CV,SAA avg,SAA std,SAA CV
38_1_0_A1_1,0,1526.0,0.0,0.0,0.0,0,0.0,0.0,0.0,0.0,0,0.0,1,A01,38_1,0.10845066450121456,0.0,38_1,0.1088716848504735,0.00045008968565322076,0.4134129882084426,0.0,0.0,
38_1_0_A1_1,1,1539.074392932854,22335.747968213298,5940.0,11.88461513120824,,560.240549630913,17127.17194653719,0.6365195027861124,2.74716707661878,,0.0,1,A01,,,,,,,,,,
38_1_0_A1_1,2,2793.074129485402,29949.669729631147,1819.0,3.436250314040143,,455.8377777492402,5969.544101562093,0.19492070295756536,6.1273423700786225,,0.0,1,A01,,,,,,,,,,
38_1_0_A1_1,3,2821.553398923403,30099.65413702106,9332.0,36.76157332437539,,487.7989409508606,55043.86837108996,1.0,5.784254868252447,,0.0,1,A01,,,,,,,,,,
38_1_0_A2_1,0,1526.0,0.0,0.0,0.0,0,0.0,0.0,0.0,0.0,0,0.0,2,A02,38_1,0.10929270519973243,0.0,,,,,,,
38_1_0_A2_1,1,1539.038363466673,22335.4907802421,8859.0,13.19071682059925,,554.647425290442,26018.73009180394,0.6211175769473463,2.7748048459086476,,0.0,2,A02,,,,,,,,,,
38_1_0_A2_1,2,2793.332029807337,29951.031416014608,2421.0,3.688043689912361,,466.539478387353,9338.582830525547,0.16973988641940685,5.987343320789933,,0.0,2,A02,,,,,,,,,,
38_1_0_A2_1,3,2821.582272294651,30099.80580654438,14263.0,40.13620037885913,,486.2938428507302,85445.61884033601,1.0,5.802216733311071,,0.0,2,A02,,,,,,,,,,
38_2_0_A3_1,0,1526.0,0.0,0.0,0.0,0,0.0,0.0,0.0,0.0,0,0.0,3,A03,38_2,0.07295082075367358,0.0,38_2,0.07152592625075271,0.0015232762977792906,2.1296841266187174,0.0,0.0,
38_2_0_A3_1,1,1538.778176772116,22333.63340770212,20007.0,12.37909780842119,,533.6049139664638,64560.79481164366,0.6782033898305084,2.8837406412430937,,0.0,3,A03,,,,,,,,,,
38_2_0_A3_1,2,2792.237203823171,29945.25041171488,3624.0,1.737732753520332,,374.755704326073,13626.41897005653,0.12284745762711864,7.450819751615201,,0.0,3,A03,,,,,,,,,,
38_2_0_A3_1,3,2821.296304887413,30098.303607797436,29500.0,33.55314174157628,,471.8759252739902,186789.1112022937,1.0,5.978894352894258,,0.0,3,A03,,,,,,,,,,
38_2_0_A4_1,0,1526.0,0.0,0.0,0.0,0,0.0,0.0,0.0,0.0,0,0.0,4,A04,38_2,0.07010103174783185,0.0,,,,,,,
38_2_0_A4_1,1,1538.570520008634,22332.15091226722,24998.0,15.8193723084736,,565.0590971157566,76460.55260410348,0.7450968703427719,2.722848862821593,,0.0,4,A04,,,,,,,,,,
38_2_0_A4_1,2,2792.206797379323,29945.089840320557,3942.0,2.020194170568757,,395.6649493453431,14345.03461209841,0.1174962742175857,7.056998104075773,,0.0,4,A04,,,,,,,,,,
38_2_0_A4_1,3,2820.875358741194,30096.09221964602,33550.0,35.90454576369577,,492.9592865347974,204633.7158588552,1.0,5.72232927909772,,0.0,4,A04,,,,,,,,,,
38_3_0_A5_1,0,1526.0,0.0,0.0,0.0,0,0.0,0.0,0.0,0.0,0,0.0,5,A05,38_3,0.17098010379267517,0.0,38_3,0.17008095374639964,0.0009612318321357947,0.5651613604948653,0.0,0.0,
38_3_0_A5_1,1,1538.693956914011,22333.032160608436,29927.0,11.42661764385831,,539.216727455767,96467.97295607548,0.6327730204038482,2.85357237371727,,0.0,5,A05,,,,,,,,,,
38_3_0_A5_1,2,2792.851936354129,29948.496522322344,10119.0,5.133914730875918,,454.1024417563953,50821.4561988865,0.21395496352679988,6.150268484687786,,0.0,5,A05,,,,,,,,,,
38_3_0_A5_1,3,2821.108028110466,30097.31453987604,47295.0,35.34455221794121,,474.785028690197,297236.0822783856,1.0,5.9418639123755375,,0.0,5,A05,,,,,,,,,,
38_3_0_A6_1,0,1526.0,0.0,0.0,0.0,0,0.0,0.0,0.0,0.0,0,0.0,6,A06,38_3,0.16918180370012414,0.0,,,,,,,
38_3_0_A6_1,1,1538.741519611161,22333.3717136085,20361.0,10.41471668272654,,538.5723063419483,65367.91908827082,0.5689019279128248,2.8570750881390268,,0.0,6,A06,,,,,,,,,,
38_3_0_A6_1,2,2793.051053764807,29949.547889164147,8049.0,5.182575011770676,,491.6100211080944,37192.63516437171,0.22489522212908633,5.681436369969106,,0.0,6,A06,,,,,,,,,,
38_3_0_A6_1,3,2821.100977477292,30097.277500377088,35790.0,34.49859802873865,,483.9748366380103,219838.2707297287,1.0,5.829024081240279,,0.0,6,A06,,,,,,,,,,
38_4_0_A7_1,0,1526.0,0.0,0.0,0.0,0,0.0,0.0,0.0,0.0,0,0.0,7,A07,38_4,0.15375853965476738,0.0,38_4,0.15271702956242136,0.0011134211229774861,0.7290746331091961,0.0,0.0,
38_4_0_A7_1,1,1538.725996339598,22333.26089260743,9433.0,11.10974139307617,,543.8932963770999,27977.0853748042,0.5254567736185384,2.829095351218939,,0.0,7,A07,,,,,,,,,,
38_4_0_A7_1,2,2792.86400951246,29948.560271312243,3653.0,5.732820575185601,,470.5195685924159,16888.26301273764,0.20348707664884136,5.935702138526268,,0.0,7,A07,,,,,,,,,,
38_4_0_A7_1,3,2821.130257902099,30097.431320618594,17952.0,43.98581011193883,,490.1000182810043,109836.26048125,1.0,5.756233733263345,,0.0,7,A07,,,,,,,,,,
38_4_0_A8_1,0,1526.0,0.0,0.0,0.0,0,0.0,0.0,0.0,0.0,0,0.0,8,A08,38_4,0.15167551947007535,0.0,,,,,,,
38_4_0_A8_1,1,1538.671446497863,22332.871455524295,8942.0,11.21802241444981,,574.5390780603021,24712.91977232374,0.5769404477708239,2.6780971134157876,,0.0,8,A08,,,,,,,,,,
38_4_0_A8_1,2,2792.870633233048,29948.59524598655,3229.0,5.30561532378496,,462.7833783386713,14209.89785032424,0.20833602167881798,6.034941538434396,,0.0,8,A08,,,,,,,,,,
38_4_0_A8_1,3,2820.977917054393,30096.631012384038,15499.0,40.38672437502083,,493.5488102270227,93686.1657040691,1.0,5.715701990562592,,0.0,8,A08,,,,,,,,,,
38_5_0_A9_1,0,1526.0,0.0,0.0,0.0,0,0.0,0.0,0.0,0.0,0,0.0,9,A09,38_5,0.06601622683843913,0.0,38_5,0.07315782398664583,0.007634688492271683,10.435915225779969,0.0,0.0,
38_5_0_A9_1,1,1538.448796559723,22331.281861767435,10903.0,18.76238990459155,,594.4552310117851,31601.53986348597,0.779398098505969,2.587997743650477,,0.0,9,A09,,,,,,,,,,
38_5_0_A9_1,2,2792.271860558282,29945.43342711262,1880.0,1.625322187362502,,378.3640800158225,5104.884958540853,0.13439130745585817,7.379854505325966,,0.0,9,A09,,,,,,,,,,
38_5_0_A9_1,3,2821.014765436328,30096.824593882084,13989.0,32.47786537973686,,515.0233813604007,77327.72990849642,1.0,5.477449893604445,,0.0,9,A09,,,,,,,,,,
38_5_0_A10_1,0,1526.0,0.0,0.0,0.0,0,0.0,0.0,0.0,0.0,0,0.0,10,A10,38_5,0.08029942113485251,0.0,,,,,,,
38_5_0_A10_1,1,1538.376496218401,22330.76565351315,12801.0,22.32910242298359,,606.8501595480817,37455.28586571525,1.0,2.5350186895625475,,0.0,10,A10,,,,,,,,,,
38_5_0_A10_1,2,2792.28053527823,29945.479236421314,1842.0,2.145130516404451,,360.0641476951164,5009.544248558382,0.1438950082024842,7.754952980330017,,0.0,10,A10,,,,,,,,,,
38_5_0_A10_1,3,2820.93643388793,30096.413080697315,11508.0,35.62558322088771,,523.3257080842227,62385.80774007696,0.8989922662292008,5.3904029370442,,0.0,10,A10,,,,,,,,,,
38_6_0_A11_1,0,1526.0,0.0,0.0,0.0,0,0.0,0.0,0.0,0.0,0,0.0,11,A11,38_6,0.13462970815219064,0.0,38_6,0.13147949079391924,0.003367724013861856,2.5614063406591843,0.0,0.0,
38_6_0_A11_1,1,1538.280195021474,22330.078065490125,7909.0,13.89614088420073,,624.6028390617699,20656.69827738105,1.0,2.462813325235856,,0.0,11,A11,,,,,,,,,,
38_6_0_A11_1,2,2792.818422628678,29948.31956158635,1829.0,4.411392997434637,,523.0347294304079,5124.531282855704,0.23125553167277785,5.339642408966029,,0.0,11,A11,,,,,,,,,,
38_6_0_A11_1,3,2820.677959057872,30095.05514737696,7142.0,37.36730973055807,,528.3344562743295,38063.89654401342,0.9030218738146415,5.338811288115721,,0.0,11,A11,,,,,,,,,,
38_6_0_A12_1,0,1526.0,0.0,0.0,0.0,0,0.0,0.0,0.0,0.0,0,0.0,12,A12,38_6,0.12832927343564782,0.0,,,,,,,
38_6_0_A12_1,1,1537.899303952359,22327.358300148695,8196.0,15.52450643274687,,612.4184356931905,20449.24051373791,1.0,2.511190412175665,,0.0,12,A12,,,,,,,,,,
38_6_0_A12_1,2,2791.757125824841,29942.71509582273,1905.0,4.664865523595522,,579.7020901966957,5325.59200160028,0.23243045387994143,4.815847955417211,,0.0,12,A12,,,,,,,,,,
38_6_0_A12_1,3,2820.000271540855,30091.494522599045,7965.0,37.19825697585549,,538.7093300664709,41499.43235103609,0.9718155197657394,5.234734418267635,,0.0,12,A12,,,,,,,,,,
38_7_0_B1_1,0,1526.0,0.0,0.0,0.0,0,0.0,0.0,0.0,0.0,0,0.0,1,B01,38_7,0.29510879724009037,0.0,38_7,0.2964949815999818,0.0014818934141746709,0.4998038773465574,0.0,0.0,
38_7_0_B1_1,1,1538.57775619919,22332.202574308947,20203.0,15.79064634326776,,561.4129341243109,61801.13573429066,1.0,2.7405456174590204,,0.0,1,B01,,,,,,,,,,
38_7_0_B1_1,2,2792.948321709263,29949.005454769824,6627.0,14.28131045829886,,500.5688654109659,32210.1869945374,0.32802059100133646,5.579548618982243,,0.0,1,B01,,,,,,,,,,
38_7_0_B1_1,3,2821.045076999474,30096.983833503626,18296.0,51.68615834472574,,490.6826601232385,109146.8207514407,0.9056080780082166,5.749225122996904,,0.0,1,B01,,,,,,,,,,
38_7_0_B2_1,0,1526.0,0.0,0.0,0.0,0,0.0,0.0,0.0,0.0,0,0.0,2,B02,38_7,0.2978811659598732,0.0,,,,,,,
38_7_0_B2_1,1,1538.455825025608,22331.332042787184,20570.0,17.87405516367329,,574.1152395324508,60121.57808975936,0.8810176460510536,2.6796986372953606,,0.0,2,B02,,,,,,,,,,
38_7_0_B2_1,2,2792.844349601679,29948.45646249252,7762.0,12.20276046394499,,492.1085238348748,41568.13676374096,0.33244817543258526,5.675261074199169,,0.0,2,B02,,,,,,,,,,
38_7_0_B2_1,3,2820.938991031383,30096.426514689527,23348.0,45.6537203370525,,503.6341747849668,139546.0388702134,1.0,5.601166744166676,,0.0,2,B02,,,,,,,,,,
38_8_0_B3_1,0,1526.0,0.0,0.0,0.0,0,0.0,0.0,0.0,0.0,0,0.0,3,B03,38_8,0.07170733543543183,0.0,38_8,0.07233085691592564,0.000666572500943878,0.9215603538593135,0.0,0.0,
38_8_0_B3_1,1,1538.561876374495,22332.089201765266,20315.0,14.47255078974451,,552.7968633576521,59591.94706830505,0.6739988719684151,2.7832319218118755,,0.0,3,B03,,,,,,,,,,
38_8_0_B3_1,2,2792.488773536101,29946.578875704494,3538.0,2.890795316214968,,446.4575403984595,13122.49693533996,0.11738163962708603,6.254768977681122,,0.0,3,B03,,,,,,,,,,
38_8_0_B3_1,3,2821.052736107154,30097.024069938852,30141.0,50.9157750649638,,492.0365493165609,183000.7607402451,1.0,5.733421104642731,,0.0,3,B03,,,,,,,,,,
38_8_0_B4_1,0,1526.0,0.0,0.0,0.0,0,0.0,0.0,0.0,0.0,0,0.0,4,B04,38_8,0.07295437839641945,0.0,,,,,,,
38_8_0_B4_1,1,1538.633639671125,22332.60154450245,18077.0,13.44818388556774,,539.2867218420535,53659.36790180201,0.6082436069986541,2.8530901603057837,,0.0,4,B04,,,,,,,,,,
38_8_0_B4_1,2,2792.690872307519,29947.646054587778,3491.0,2.787827943492875,,394.9721172253298,13480.64240949203,0.11746298788694481,7.070602583104117,,0.0,4,B04,,,,,,,,,,
38_8_0_B4_1,3,2821.135872068899,30097.460813694306,29720.0,49.80068207916494,,480.3943483358694,184781.8144133985,1.0,5.872541760413243,,0.0,4,B04,,,,,,,,,,
38_9_0_B5_1,0,1526.0,0.0,0.0,0.0,0,0.0,0.0,0.0,0.0,0,0.0,5,B05,38_9,0.1232022228713476,0.0,38_9,0.1261233519285357,0.003122818318441556,2.476003270362664,0.0,0.0,
38_9_0_B5_1,1,1538.646351119808,22332.692294627013,20007.0,15.20155402499206,,541.6155691206807,59441.22931398892,0.5553180859331631,2.8408458671485732,,0.0,5,B05,,,,,,,,,,
38_9_0_B5_1,2,2792.850736923341,29948.490189050543,5633.0,5.072208537635721,,474.5359051616175,27551.02298128205,0.15635061618740978,5.885436078798192,,0.0,5,B05,,,,,,,,,,
38_9_0_B5_1,3,2821.133070506494,30097.44609616378,36028.0,49.74486024432208,,487.7226103975266,223624.3984822568,1.0,5.784298308842154,,0.0,5,B05,,,,,,,,,,
38_9_0_B6_1,0,1526.0,0.0,0.0,0.0,0,0.0,0.0,0.0,0.0,0,0.0,6,B06,38_9,0.12904448098572374,0.0,,,,,,,
38_9_0_B6_1,1,1538.696812777052,22333.052548938722,19674.0,13.85659894367553,,522.5640804252068,60289.34631506768,0.557684676002041,2.944513161955228,,0.0,6,B06,,,,,,,,,,
38_9_0_B6_1,2,2792.980730405447,29949.17657666141,5810.0,5.066754394530046,,486.8070693469307,28754.27222515216,0.16469187595668688,5.7373462841292175,,0.0,6,B06,,,,,,,,,,
38_9_0_B6_1,3,2821.196108027118,30097.777251240335,35278.0,47.05447617436298,,479.5069893762273,222824.5021058534,1.0,5.883534902582142,,0.0,6,B06,,,,,,,,,,
38_10_0_B7_1,0,1526.0,0.0,0.0,0.0,0,0.0,0.0,0.0,0.0,0,0.0,7,B07,38_10,0.10998743349585294,0.0,38_10,0.10493653268174455,0.005399640097420274,5.145624654662933,0.0,0.0,
38_10_0_B7_1,1,1538.620605637502,22332.508490972294,15131.0,11.76013554260358,,562.0853667810592,45127.88197120466,0.6130875202593193,2.737343287281873,,0.0,7,B07,,,,,,,,,,
38_10_0_B7_1,2,2792.668966388735,29947.53038267416,3634.0,2.667344522127246,,449.8387847901028,16443.3559245623,0.14724473257698542,6.208155145385717,,0.0,7,B07,,,,,,,,,,
38_10_0_B7_1,3,2821.083801699616,30097.187269674665,24680.0,34.90751201747575,,488.9846617399354,149502.1331248928,1.0,5.769268491288584,,0.0,7,B07,,,,,,,,,,
38_10_0_B8_1,0,1526.0,0.0,0.0,0.0,0,0.0,0.0,0.0,0.0,0,0.0,8,B08,38_10,0.09988563186763616,0.0,,,,,,,
38_10_0_B8_1,1,1538.73801069897,22333.34666345118,10382.0,6.235492047251663,,534.7176493339082,33580.97850860808,0.7055865162430338,2.8776645255973103,,0.0,8,B08,,,,,,,,,,
38_10_0_B8_1,2,2793.114314048331,29949.88190405872,2881.0,2.711429631059288,,418.939641503015,8440.063932873074,0.19579991844501834,6.667104368609217,,0.0,8,B08,,,,,,,,,,
38_10_0_B8_1,3,2821.55829205678,30099.67984031699,14714.0,37.98298151001239,,490.1272366532156,84497.27728666179,1.0,5.75678738305487,,0.0,8,B08,,,,,,,,,,
38_11_0_B9_1,0,1526.0,0.0,0.0,0.0,0,0.0,0.0,0.0,0.0,0,0.0,9,B09,38_11,0.04199298982419718,0.0,38_11,0.03994528172616177,0.002189092037420265,5.480226807329139,0.0,0.0,
38_11_0_B9_1,1,1538.545358859095,22331.971275860484,13500.0,13.13687705335585,,566.54941471517,38493.55561952776,0.8442776735459663,2.715641952666373,,0.0,9,B09,,,,,,,,,,
38_11_0_B9_1,2,2790.786578053789,29937.588909455884,2076.0,1.302136722335907,,479.784642224775,3818.695252821593,0.12983114446529082,5.816748458460097,,0.0,9,B09,,,,,,,,,,
38_11_0_B9_1,3,2821.041675669009,30096.965964901345,15990.0,37.83081631512081,,503.3780747392402,90936.49365783397,1.0,5.604220400601206,,0.0,9,B09,,,,,,,,,,
38_11_0_B10_1,0,1526.0,0.0,0.0,0.0,0,0.0,0.0,0.0,0.0,0,0.0,10,B10,38_11,0.03789757362812636,0.0,,,,,,,
38_11_0_B10_1,1,1538.386682676936,22330.8383832887,11194.0,13.52439770379029,,572.7141146769038,31869.09896070007,0.871331828442438,2.686133697865672,,0.0,10,B10,,,,,,,,,,
38_11_0_B10_1,2,2789.559421457778,29931.106086746695,1721.0,1.128416091826747,,352.8374384959973,2646.856947615335,0.13396123608624583,7.906075481526385,,0.0,10,B10,,,,,,,,,,
38_11_0_B10_1,3,2820.871339975082,30096.071106752624,12847.0,37.57241394231038,,519.8301159977825,69842.38552018862,1.0,5.426525422753912,,0.0,10,B10,,,,,,,,,,
38_12_0_B11_1,0,1526.0,0.0,0.0,0.0,0,0.0,0.0,0.0,0.0,0,0.0,11,B11,38_12,0.11950899891424678,0.0,38_12,0.11920094587524005,0.00032932255111904347,0.27627511568886726,0.0,0.0,
38_12_0_B11_1,1,1538.222140889809,22329.663550006597,12051.0,13.23912114413327,,587.188584297435,33342.7918578801,0.7238707352234502,2.6196390427621745,,0.0,11,B11,,,,,,,,,,
38_12_0_B11_1,2,2792.22776005923,29945.200540856393,2931.0,4.250373539369872,,515.9079556087153,10736.9142059336,0.17605718404613166,5.4122595507656115,,0.0,11,B11,,,,,,,,,,
38_12_0_B11_1,3,2820.420318410834,30093.70153377472,16648.0,45.01706246203619,,532.293541194496,89841.88892451381,1.0,5.2986183376970075,,0.0,11,B11,,,,,,,,,,
38_12_0_B12_1,0,1526.0,0.0,0.0,0.0,0,0.0,0.0,0.0,0.0,0,0.0,12,B12,38_12,0.11889289283623332,0.0,,,,,,,
38_12_0_B12_1,1,1537.907765140476,22327.41872123865,8840.0,13.40648033427829,,620.2275445373062,23255.07343077461,0.7670281995661605,2.4795863690442275,,0.0,12,B12,,,,,,,,,,
38_12_0_B12_1,2,2791.933120119822,29943.644556143234,2301.0,4.216234031612488,,530.2050269694473,7592.616310130474,0.1996529284164859,5.265761315161399,,0.0,12,B12,,,,,,,,,,
38_12_0_B12_1,3,2819.998194124946,30091.483607021743,11525.0,40.24637198078862,,517.555214317693,63860.97712828616,1.0,5.448690528299721,,0.0,12,B12,,,,,,,,,,
40_1_0_C1_1,0,1526.0,0.0,0.0,0.0,0,0.0,0.0,0.0,0.0,0,0.0,1,C01,40_1,0.08989861813428182,0.0,40_1,0.09202543784760969,0.002273665911630637,2.4706928484227735,0.0,0.0,
40_1_0_C1_1,1,1538.506392554294,22331.693075508305,17565.0,19.25428958379428,,556.3464447035867,51904.03505418463,0.9407133676092545,2.7653747178594585,,0.0,1,C01,,,,,,,,,,
40_1_0_C1_1,2,2792.328891263675,29945.734592537818,3115.0,2.699887560058069,,467.9064206950683,9362.709952696301,0.1668273350471294,5.96770800262948,,0.0,1,C01,,,,,,,,,,
40_1_0_C1_1,3,2821.02888700729,30096.898780649557,18672.0,34.24073708773694,,504.4030306270855,104147.429037354,1.0,5.5928071714797625,,0.0,1,C01,,,,,,,,,,
40_1_0_C2_1,0,1526.0,0.0,0.0,0.0,0,0.0,0.0,0.0,0.0,0,0.0,2,C02,40_1,0.09415225756093755,0.0,,,,,,,
40_1_0_C2_1,1,1538.60434231931,22332.392382138183,22443.0,20.68231736548266,,573.1414640615,64580.27404050664,1.0,2.6845106117714295,,0.0,2,C02,,,,,,,,,,
40_1_0_C2_1,2,2792.544713013515,29946.874267015046,3844.0,2.942254168731883,,512.4991640324865,11632.67348754761,0.17127834959675622,5.4488766206777655,,0.0,2,C02,,,,,,,,,,
40_1_0_C2_1,3,2821.12056454588,30097.380398141195,21427.0,33.65793381462174,,501.4776676915551,123551.7213171301,0.954729759836029,5.62561554840977,,0.0,2,C02,,,,,,,,,,
40_3_0_C3_1,0,1529.529279058388,22267.5057409742,4442.0,1.357995710544802,,698.0782023568146,10542.64260850186,0.18947278621395666,2.1910572109177346,,0.0,3,C03,40_3,0.4442143209053226,0.1745064269526217,40_3,0.4440825172332855,0.00014090405237082883,0.03172925006115678,0.1315082086124291,0.045967028934485815,34.953733625827354
40_3_0_C3_1,1,1538.759576307002,22333.50062007465,19902.0,12.3758984578671,,531.7231276345168,60414.06492933453,0.8489165671387136,2.8939113165013164,,0.0,3,C03,,,,,,,,,,
40_3_0_C3_1,2,2793.215419375001,29950.41573317655,11684.0,18.93210257157413,,480.3975365152163,61645.43662381844,0.49837911619177616,5.814383311864731,,0.0,3,C03,,,,,,,,,,
40_3_0_C3_1,3,2821.372779132633,30098.705337765743,23444.0,45.48930054364107,,490.0454765778713,138774.0865674549,1.0,5.757369293223746,,0.0,3,C03,,,,,,,,,,
40_3_0_C4_1,0,1529.588895619108,22267.932632558637,4314.0,1.211546624027456,,651.0020839193733,5782.116249103816,0.1510609986693746,2.349591396712868,,0.0,4,C04,40_3,0.44395071356124843,0.08850999027223648,,,,,,,
40_3_0_C4_1,1,1538.793872668803,22333.74545915553,21988.0,14.10310293532262,,539.5505143478905,65327.272450481,0.7699418726801597,2.8519922263972157,,0.0,4,C04,,,,,,,,,,
40_3_0_C4_1,2,2793.339281379338,29951.069702625537,14427.0,21.07016063674971,,482.1709517943105,77665.44418862641,0.5051824357448,5.793255008383312,,0.0,4,C04,,,,,,,,,,
40_3_0_C4_1,3,2821.406908537497,30098.884622549216,28558.0,48.47714928563875,,486.7416161762698,174941.5910735134,1.0,5.796518758148976,,0.0,4,C04,,,,,,,,,,
40_2_0_C5_1,0,1526.0,0.0,0.0,0.0,0,0.0,0.0,0.0,0.0,0,0.0,5,C05,40_2,0.3123003324592394,0.0,40_2,0.3115579475857365,0.0007936428130713273,0.2547336119079189,0.0,0.0,
40_2_0_C5_1,1,1538.743484580423,22333.38574153005,21701.0,14.97292462172311,,534.3880807988755,64433.78011819733,0.7533761499739628,2.8794494859992037,,0.0,5,C05,,,,,,,,,,
40_2_0_C5_1,2,2793.282401380246,29950.769388128087,10103.0,10.54365767584048,,482.1296256362346,55197.24295971888,0.3507377191459816,5.793633605680497,,0.0,5,C05,,,,,,,,,,
40_2_0_C5_1,3,2821.464026828674,30099.184667526864,28805.0,36.29929222537785,,492.2245209169064,176744.1056660517,1.0,5.732067190746419,,0.0,5,C05,,,,,,,,,,
40_2_0_C6_1,0,1526.0,0.0,0.0,0.0,0,0.0,0.0,0.0,0.0,0,0.0,6,C06,40_2,0.3108155627122336,0.0,,,,,,,
40_2_0_C6_1,1,1538.826821026664,22333.980672344336,19900.0,16.25594918884332,,541.041801384228,58235.84055553318,0.7567115369990113,2.8441921069493215,,0.0,6,C06,,,,,,,,,,
40_2_0_C6_1,2,2793.351626228758,29951.134880438865,9294.0,10.57181577354183,,501.1380700553009,50846.4341717521,0.35341090577230205,5.574016011037656,,0.0,6,C06,,,,,,,,,,
40_2_0_C6_1,3,2821.464891605197,30099.189210213546,26298.0,35.84516377854283,,489.3511237129738,163590.3740728321,1.0,5.765726806137083,,0.0,6,C06,,,,,,,,,,
10_21_0_C7_1,0,1526.0,0.0,0.0,0.0,0,0.0,0.0,0.0,0.0,0,0.0,7,C07,10_21,0.5142127366632846,0.0,10_21,0.5136905064688997,0.0005582875611934929,0.10868169727938962,0.0,0.0,
10_21_0_C7_1,1,1538.775841250032,22333.61673459171,26588.0,16.29915443876464,,534.302300214402,80786.65625707702,0.7837057124329423,2.87997233145461,,0.0,7,C07,,,,,,,,,,
10_21_0_C7_1,2,2793.117933584964,29949.901015130352,20775.0,9.784998547693288,,477.4661812238794,105652.6356096838,0.6123622000825326,5.849875956503183,,0.0,7,C07,,,,,,,,,,
10_21_0_C7_1,3,2821.321498044898,30098.435951607527,33926.0,17.77484348548141,,480.5869842361944,205464.8360039883,1.0,5.870574090825359,,0.0,7,C07,,,,,,,,,,
10_21_0_C8_1,0,1526.0,0.0,0.0,0.0,0,0.0,0.0,0.0,0.0,0,0.0,8,C08,10_21,0.5131682762745147,0.0,,,,,,,
10_21_0_C8_1,1,1538.689868387654,22333.00297212159,19668.0,17.49260210266288,,564.1621040995373,57242.75603130467,0.7269904635174096,2.7273896229587535,,0.0,8,C08,,,,,,,,,,
10_21_0_C8_1,2,2792.987677313552,29949.213257057418,16143.0,10.39367306577159,,490.9578757820295,83362.43842541403,0.5966954978931027,5.688854003746656,,0.0,8,C08,,,,,,,,,,
10_21_0_C8_1,3,2821.082646406576,30097.181200483727,27054.0,19.1906964226852,,489.7868045907176,162446.5936020177,1.0,5.759817577698867,,0.0,8,C08,,,,,,,,,,
10_22_0_C9_1,0,1526.0,0.0,0.0,0.0,0,0.0,0.0,0.0,0.0,0,0.0,9,C09,10_22,0.19659381937060696,0.0,10_22,0.19672241416179082,0.0001374736144243002,0.06988202895438111,0.0,0.0,
10_22_0_C9_1,1,1538.50470728688,22331.681043443186,23336.0,21.25265774912258,,573.2090634503064,66695.978522546,0.8712989582944405,2.684020203773799,,0.0,9,C09,,,,,,,,,,
10_22_0_C9_1,2,2792.642050727818,29947.388256711296,7155.0,4.190864710179478,,497.6719577049481,30503.67803324392,0.26714707090318485,5.611411307171692,,0.0,9,C09,,,,,,,,,,
10_22_0_C9_1,3,2820.790133373194,30095.644478426868,26783.0,22.1435394252497,,494.0081980858469,155160.9207802215,1.0,5.710006725198126,,0.0,9,C09,,,,,,,,,,
10_22_0_C10_1,0,1526.0,0.0,0.0,0.0,0,0.0,0.0,0.0,0.0,0,0.0,10,C10,10_22,0.1968510089529747,0.0,,,,,,,
10_22_0_C10_1,1,1538.421078768587,22331.083964391117,13692.0,17.39263169045944,,583.6274333373317,37388.05476707967,0.7623183564389511,2.635964299984152,,0.0,10,C10,,,,,,,,,,
10_22_0_C10_1,2,2792.57234712141,29947.020189247567,4834.0,4.005388547572655,,478.918469306075,19846.94409615543,0.2691386893825511,5.830997395376472,,0.0,10,C10,,,,,,,,,,
10_22_0_C10_1,3,2820.69791572509,30095.15999473949,17961.0,21.73300621265464,,505.7529047055899,100822.1608907101,1.0,5.577225339648976,,0.0,10,C10,,,,,,,,,,
12_1_0_C11_1,0,1526.0,0.0,0.0,0.0,0,0.0,0.0,0.0,0.0,0,0.0,11,C11,12_1,0.0,0.0,12_1,0.0,0.0,,0.0,0.0,
12_1_0_C11_1,1,1538.260754593395,22329.939258705374,15866.0,14.37962320421331,,565.2110048139274,45009.81646655135,0.8729573590096286,2.7215690096122676,,0.0,11,C11,,,,,,,,,,
12_1_0_C11_1,2,2791.0,0.0,0.0,0.0,0,0.0,0.0,0.0,0.0,0,0.0,11,C11,,,,,,,,,,
12_1_0_C11_1,3,2820.495816898021,30094.09820042331,18175.0,38.00554323453353,,513.267309476415,100188.1597201158,1.0,5.495179148999796,,0.0,11,C11,,,,,,,,,,
12_1_0_C12_1,0,1526.0,0.0,0.0,0.0,0,0.0,0.0,0.0,0.0,0,0.0,12,C12,12_1,0.0,0.0,,,,,,,
12_1_0_C12_1,1,1537.996458335919,22328.05206657604,10964.0,12.19041182777744,,578.7592615489057,31789.41810520786,0.8077801517719001,2.6574027588255826,,0.0,12,C12,,,,,,,,,,
12_1_0_C12_1,2,2791.0,0.0,0.0,0.0,0,0.0,0.0,0.0,0.0,0,0.0,12,C12,,,,,,,,,,
12_1_0_C12_1,3,2820.132106537491,30092.18722826773,13573.0,37.77546293583567,,510.7376526897173,73606.00818420261,1.0,5.521684355335309,,0.0,12,C12,,,,,,,,,,
12_2_0_D1_1,0,1526.0,0.0,0.0,0.0,0,0.0,0.0,0.0,0.0,0,0.0,1,D01,12_2,0.01989940811975219,0.0,12_2,0.009949704059876096,0.010636681054814304,106.90449676496976,0.0,0.0,
12_2_0_D1_1,1,1538.504658686761,22331.680696459698,9742.0,9.431911704565163,,555.567569402891,27128.01015545752,0.6530366000804397,2.7692485008444687,,0.0,1,D01,,,,,,,,,,
12_2_0_D1_1,2,2788.935267169665,29927.808249931175,2050.0,1.142405794435,,530.3057036593367,1642.723999403246,0.13741788443491085,5.25910856308883,,0.0,1,D01,,,,,,,,,,
12_2_0_D1_1,3,2821.006704774211,30096.782247626164,14918.0,42.70242664142279,,491.3523543920829,82551.39999730318,1.0,5.741311056226549,,0.0,1,D01,,,,,,,,,,
12_2_0_D2_1,0,1526.0,0.0,0.0,0.0,0,0.0,0.0,0.0,0.0,0,0.0,2,D02,12_2,0.0,0.0,,,,,,,
12_2_0_D2_1,1,1538.690740934024,22333.00920133952,10780.0,8.377534204089505,,544.9362056159381,30150.0273316459,0.6429679112489562,2.823616278523559,,0.0,2,D02,,,,,,,,,,
12_2_0_D2_1,2,2791.0,0.0,0.0,0.0,0,0.0,0.0,0.0,0.0,0,0.0,2,D02,,,,,,,,,,
12_2_0_D2_1,3,2821.248602732734,30098.05301887269,16766.0,41.65727595261006,,496.3076807490648,95907.8035103575,1.0,5.684474998401584,,0.0,2,D02,,,,,,,,,,
12_3_0_D3_1,0,1528.951156090804,22263.3655856404,3769.0,1.063298363976488,,601.4654002043978,4811.519447263972,0.15571162982854783,2.5420434086004216,,0.0,3,D03,12_3,0.16521696785982012,0.08181151892736319,12_3,0.16563056808150256,0.00044215723561449714,0.26695388462166164,0.04090575946368159,0.043730096302537796,106.90449676496975
12_3_0_D3_1,1,1538.815144709128,22333.897317225255,19105.0,13.58767909357972,,517.748969223679,58812.2493060654,0.7892997314604421,2.972125945545487,,0.0,3,D03,,,,,,,,,,
12_3_0_D3_1,2,2793.269835756641,29950.703043845788,6043.0,6.025823524246713,,475.1101501036602,23611.1713547629,0.24965916133030366,5.879204717363335,,0.0,3,D03,,,,,,,,,,
12_3_0_D3_1,3,2821.59618361367,30099.87888131618,24205.0,40.72393243140824,,479.5466943325791,142910.0876297162,1.0,5.883882043104678,,0.0,3,D03,,,,,,,,,,
12_3_0_D4_1,0,1526.0,0.0,0.0,0.0,0,0.0,0.0,0.0,0.0,0,0.0,4,D04,12_3,0.16604416830318502,0.0,,,,,,,
12_3_0_D4_1,1,1539.220596683001,22336.7915784991,18855.0,9.268520087675302,,500.9450674974279,58275.82418307373,0.7083818612165158,3.0726335012589066,,0.0,4,D04,,,,,,,,,,
12_3_0_D4_1,2,2793.960715452819,29954.350542629516,6002.0,4.758004920837817,,462.666472282587,26850.13415815845,0.22549498440846075,6.038822527313641,,0.0,4,D04,,,,,,,,,,
12_3_0_D4_1,3,2822.199725420008,30103.04905041676,26617.0,34.23190977631349,,479.4040394941762,161704.7706796422,1.0,5.886891834281868,,0.0,4,D04,,,,,,,,,,
5_12_0_D5_1,0,1526.0,0.0,0.0,0.0,0,0.0,0.0,0.0,0.0,0,0.0,5,D05,5_12,0.20168911966123146,0.0,5_12,0.20170115990722434,1.2871564411350235e-05,0.0063815024253061885,0.0,0.0,
5_12_0_D5_1,1,1538.974493502461,22335.03485187153,26214.0,15.94509715097301,,514.8488992122751,80224.7923456757,0.7127436852551728,2.989177010686262,,0.0,5,D05,,,,,,,,,,
5_12_0_D5_1,2,2793.587948696399,29952.382577647528,8876.0,4.041453128641553,,455.4129436125817,46437.67849901373,0.241333369585905,6.134186539662551,,0.0,5,D05,,,,,,,,,,
5_12_0_D5_1,3,2821.756627316569,30100.721662890486,36779.0,22.22632762155283,,471.3780644900012,230243.8454638163,1.0,5.986185696548092,,0.0,5,D05,,,,,,,,,,
5_12_0_D6_1,0,1526.0,0.0,0.0,0.0,0,0.0,0.0,0.0,0.0,0,0.0,6,D06,5_12,0.20171320015321723,0.0,,,,,,,
5_12_0_D6_1,1,1538.953091153666,22334.882071536016,19243.0,18.639588222048,,569.145705696758,53748.36232538011,0.7544499333490159,2.703970311556077,,0.0,6,D06,,,,,,,,,,
5_12_0_D6_1,2,2793.420752368664,29951.49984700789,6428.0,5.46166033518933,,483.5060105757027,30396.72585209598,0.2520191327530777,5.77742714933902,,0.0,6,D06,,,,,,,,,,
5_12_0_D6_1,3,2821.582956438141,30099.80940028619,25506.0,29.44628149098713,,493.4354354311834,150692.7946659279,1.0,5.718241443224543,,0.0,6,D06,,,,,,,,,,
5_14_0_D7_1,0,1526.0,0.0,0.0,0.0,0,0.0,0.0,0.0,0.0,0,0.0,7,D07,5_14,0.1072289799088735,0.0,5_14,0.10838583471703159,0.0012367298109631864,1.1410437666434732,0.0,0.0,
5_14_0_D7_1,1,1538.872985287273,22334.310227522976,19922.0,13.33086395548595,,545.9717950635771,56555.24410465518,0.8969025751845849,2.818594292234592,,0.0,7,D07,,,,,,,,,,
5_14_0_D7_1,2,2793.114605993934,29949.883445525375,3847.0,2.782549131544262,,459.024575900035,13898.57457593436,0.17319466954799206,6.084891207659893,,0.0,7,D07,,,,,,,,,,
5_14_0_D7_1,3,2821.645326611808,30100.137023123447,22212.0,32.2078913067549,,489.9327036270339,129615.84254318,1.0,5.7592508230677595,,0.0,7,D07,,,,,,,,,,
5_14_0_D8_1,0,1526.0,0.0,0.0,0.0,0,0.0,0.0,0.0,0.0,0,0.0,8,D08,5_14,0.10954268952518968,0.0,,,,,,,
5_14_0_D8_1,1,1538.744915389289,22333.395956073204,17492.0,12.48254207893987,,557.2825578526455,48754.07402051886,0.7691495910649899,2.761157502073047,,0.0,8,D08,,,,,,,,,,
5_14_0_D8_1,2,2793.012550512185,29949.344589749235,3968.0,3.409886940651699,,522.0695782422351,14490.5224949297,0.17447893764840383,5.349885660673863,,0.0,8,D08,,,,,,,,,,
5_14_0_D8_1,3,2821.514876348046,30099.451779770643,22742.0,37.32839007063016,,497.1640883522413,132281.967493573,1.0,5.675218589700307,,0.0,8,D08,,,,,,,,,,
19_16_0_D9_1,0,1526.0,0.0,0.0,0.0,0,0.0,0.0,0.0,0.0,0,0.0,9,D09,19_16,0.4026174904000036,0.0,19_16,0.4022017840143248,0.0004444088196638682,0.11049399513554622,0.02749747077176644,0.029396032751651556,106.90449676496975
19_16_0_D9_1,1,1538.646326414285,22332.692118248644,23161.0,21.25521026622077,,573.1821245532385,67638.24726541319,0.8658317757009346,2.6843934248884134,,0.0,9,D09,,,,,,,,,,
19_16_0_D9_1,2,2793.065509078471,29949.624213694857,12149.0,8.921933986391775,,492.2576598658043,64840.85047513821,0.4541682242990654,5.6739909539242035,,0.0,9,D09,,,,,,,,,,
19_16_0_D9_1,3,2821.20846443524,30097.84216273304,26750.0,22.40175052719249,,499.8111506291334,161048.2704333543,1.0,5.644548867875528,,0.0,9,D09,,,,,,,,,,
19_16_0_D10_1,0,1523.184423143854,22222.024490223896,2977.0,1.001381550202069,,512.7755630353979,3509.887478304314,0.10889205896338564,2.9704699930068736,,0.0,10,D10,19_16,0.4017860776286461,0.05499494154353288,,,,,,,
19_16_0_D10_1,1,1538.442116222582,22331.23416616929,21742.0,21.88765828313012,,575.436113637549,63822.00580258747,0.7952741504809978,2.673523749660945,,0.0,10,D10,,,,,,,,,,
19_16_0_D10_1,2,2792.617418386224,29947.25818702227,12190.0,9.367316952521628,,504.3113270450532,63455.31251358362,0.4458831705622005,5.537487001827231,,0.0,10,D10,,,,,,,,,,
19_16_0_D10_1,3,2820.726816776079,30095.311833001546,27339.0,24.03151921138644,,508.8846176966005,157933.0794339586,1.0,5.5429594817460375,,0.0,10,D10,,,,,,,,,,
19_17_0_D11_1,0,1526.0,0.0,0.0,0.0,0,0.0,0.0,0.0,0.0,0,0.0,11,D11,19_17,0.24306711093359074,0.0,19_17,0.2364844215950136,0.007037190911007104,2.9757524252732797,0.0,0.0,
19_17_0_D11_1,1,1538.198011918075,22329.491263089956,12508.0,14.59698240362262,,596.6831705956013,32742.64959545151,0.7681631149051158,2.5779141891712247,,0.0,11,D11,,,,,,,,,,
19_17_0_D11_1,2,2792.13442311284,29944.707640239445,5052.0,2.750229025156318,,488.7544691021523,20743.19571158374,0.3102622366885709,5.712754766707349,,0.0,11,D11,,,,,,,,,,
19_17_0_D11_1,3,2820.309097387604,30093.117172252976,16283.0,13.37991185909311,,525.6045676837814,85339.37656934206,1.0,5.3658382571065895,,0.0,11,D11,,,,,,,,,,
19_17_0_D12_1,0,1526.0,0.0,0.0,0.0,0,0.0,0.0,0.0,0.0,0,0.0,12,D12,19_17,0.22990173225643645,0.0,,,,,,,
19_17_0_D12_1,1,1537.951493390848,22327.730980683635,7492.0,12.9752964756187,,598.9447579439114,18818.90053781015,0.703804603100047,2.567768517868672,,0.0,12,D12,,,,,,,,,,
19_17_0_D12_1,2,2791.813947613884,29943.015186059456,3442.0,2.820679076672521,,513.4317351407453,12460.93222869388,0.32334429309534996,5.437556264122578,,0.0,12,D12,,,,,,,,,,
19_17_0_D12_1,3,2820.033154101309,30091.667300231667,10645.0,13.53512901063907,,527.8099815316475,54201.12369921048,1.0,5.342894702214379,,0.0,12,D12,,,,,,,,,,
26_4_0_E1_1,0,1526.0,0.0,0.0,0.0,0,0.0,0.0,0.0,0.0,0,0.0,1,E01,26_4,0.09079161931871622,0.0,26_4,0.09224608725336599,0.0015548916261454726,1.6855908715941075,0.0,0.0,
26_4_0_E1_1,1,1538.529000597045,22331.85448630608,21688.0,20.43794094535527,,568.7114147920176,63019.75027445559,0.8419908377979657,2.7052894676990045,,0.0,1,E01,,,,,,,,,,
26_4_0_E1_1,2,2791.869524668211,29943.308699542336,4173.0,1.263917159044149,,402.0874806264812,13241.68173798727,0.1620079198695551,6.943438080485067,,0.0,1,E01,,,,,,,,,,
26_4_0_E1_1,3,2821.048073804295,30096.999576955553,25758.0,18.70017470638851,,496.1751367903629,145846.9607365794,1.0,5.685589350673582,,0.0,1,E01,,,,,,,,,,
26_4_0_E2_1,0,1526.0,0.0,0.0,0.0,0,0.0,0.0,0.0,0.0,0,0.0,2,E02,26_4,0.09370055518801575,0.0,,,,,,,
26_4_0_E2_1,1,1538.813232142669,22333.88366372877,23476.0,17.81696666983753,,548.3240050566218,69040.64931019954,0.8256893640967924,2.8063940625465884,,0.0,2,E02,,,,,,,,,,
26_4_0_E2_1,2,2791.978814832971,29943.885874010877,4513.0,1.127095553751145,,385.7090154516455,15448.96612218494,0.15872960045019696,7.238562499151612,,0.0,2,E02,,,,,,,,,,
26_4_0_E2_1,3,2821.538425342139,30099.575481679472,28432.0,17.58938967758379,,486.7997007078602,164875.9294028266,1.0,5.796097288554845,,0.0,2,E02,,,,,,,,,,
26_5_0_E3_1,0,1526.0,0.0,0.0,0.0,0,0.0,0.0,0.0,0.0,0,0.0,3,E03,26_5,0.13069075419791287,0.0,26_5,0.12963385397706434,0.0011298738624087809,0.8715885763981726,0.0,0.0,
26_5_0_E3_1,1,1538.695544392598,22333.043493800546,19276.0,16.19417525549354,,565.539163000544,55644.65117603278,0.8013969151457199,2.7207586053436903,,0.0,3,E03,,,,,,,,,,
26_5_0_E3_1,2,2792.894998101106,29948.723897386764,4672.0,2.416651733223004,,486.4698653421214,18138.94080199534,0.19423772502390554,5.741146979652967,,0.0,3,E03,,,,,,,,,,
26_5_0_E3_1,3,2821.339698161684,30098.531559449097,24053.0,20.66946838338388,,494.3206304843773,138792.8389679843,1.0,5.707509507335544,,0.0,3,E03,,,,,,,,,,
26_5_0_E4_1,0,1526.0,0.0,0.0,0.0,0,0.0,0.0,0.0,0.0,0,0.0,4,E04,26_5,0.12857695375621583,0.0,,,,,,,
26_5_0_E4_1,1,1538.918121617614,22334.632439734956,20411.0,15.9449913878746,,538.1920919482379,59860.85560596331,0.8347374447897923,2.8594216537942434,,0.0,4,E04,,,,,,,,,,
26_5_0_E4_1,2,2793.223863705852,29950.460318215017,4861.0,2.386840383133092,,477.1483024275254,18428.29629642007,0.19879764436446917,5.853995182410019,,0.0,4,E04,,,,,,,,,,
26_5_0_E4_1,3,2821.644494307836,30100.132651157408,24452.0,20.61375648692699,,479.6120751864364,143325.0342153886,1.0,5.88318067932505,,0.0,4,E04,,,,,,,,,,
250_0_E5_1,0,1528.001239773372,22256.561161379566,10245.0,63.2287882200183,,586.2038342185214,29907.33194568906,0.6008445252477861,2.6066039670490677,,0.0,5,E05,250,1.3705799710459317,2.4170214292323746,250,1.3575136244966477,0.013968512024062284,1.0289776671111988,2.4256320458913256,0.009205136407572988,0.3794943434708152
250_0_E5_1,1,1538.717316758043,22333.198928624264,4919.0,27.53273924187356,,611.1187837616438,12373.63127359089,0.2884874787402498,2.5178694513147097,,0.0,5,E05,,,,,,,,,,
250_0_E5_1,2,2793.035818850996,29949.467448102332,17051.0,73.74291544772109,,520.6792581472456,100687.8352920691,1.0,5.364215637837332,,0.0,5,E05,,,,,,,,,,
250_0_E5_1,3,2821.144090927856,30097.503990026038,11529.0,48.27186442694065,,516.2777324703452,73463.67043086958,0.6761480265087092,5.464392348337242,,0.0,5,E05,,,,,,,,,,
250_0_E6_1,0,1527.976787754359,22256.385978893566,9463.0,51.26641477830879,,582.843481127872,27710.39432792663,0.6466447997813312,2.6215902506064594,,0.0,6,E06,250,1.3444472779473635,2.4342426625502767,,,,,,,
250_0_E6_1,1,1538.610907315357,22332.439251740154,4328.0,20.72839031492318,,586.2342418701905,11383.57927672476,0.2957496241629083,2.6245667643140687,,0.0,6,E06,,,,,,,,,,
250_0_E6_1,2,2792.87812540466,29948.634806219023,14634.0,64.36948637202894,,516.6424837714807,88422.44626483342,1.0,5.405823588135263,,0.0,6,E06,,,,,,,,,,
250_0_E6_1,3,2820.986962860342,30096.678534281855,10170.0,43.31439462602118,,519.8106818226327,65768.62307299435,0.6949569495694957,5.426950737081825,,0.0,6,E06,,,,,,,,,,
125_0_E7_1,0,1527.813490167157,22255.216023765308,7296.0,31.40835150203505,,572.0347014002615,23202.54005878312,0.5156912637828668,2.6708405738800143,,0.0,7,E07,125,0.9293806359423183,1.3674001856626816,125,0.8985706394683431,0.03293727168380732,3.665518350710335,1.348097347591545,0.020635601901311012,1.5307204585913419
125_0_E7_1,1,1538.59725530105,22332.341785539655,6160.0,25.80095132816867,,577.8041066724359,16968.36105630518,0.43539722929035907,2.662835444631582,,0.0,7,E07,,,,,,,,,,
125_0_E7_1,2,2792.737234145128,29947.890861906846,13313.0,39.21311879936823,,505.0622111705404,82536.75210941631,0.9409810573932711,5.52949156040131,,0.0,7,E07,,,,,,,,,,
125_0_E7_1,3,2820.809507994185,30095.74626581667,14148.0,41.80208879493912,,506.2604795020235,88808.34064907172,1.0,5.571854059729959,,0.0,7,E07,,,,,,,,,,
125_0_E8_1,0,1527.765970859142,22254.875557035753,6583.0,25.93051988454602,,558.1962792723544,20768.5793005071,0.4083746898263027,2.736969104936861,,0.0,8,E08,125,0.867760642994368,1.3287945095204086,,,,,,,
125_0_E8_1,1,1538.608036023327,22332.41875268242,5708.0,21.89185756717724,,580.8829322723016,15629.63961071975,0.3540942928039702,2.648740306423861,,0.0,8,E08,,,,,,,,,,
125_0_E8_1,2,2792.596446390777,29947.14744512605,14876.0,37.86502671207609,,500.7038080124345,89133.48131060052,0.9228287841191067,5.57734213661388,,0.0,8,E08,,,,,,,,,,
125_0_E8_1,3,2820.681919352232,30095.075953807755,16120.0,41.22440729207602,,507.4836368746777,102716.6673554461,1.0,5.5581731397751355,,0.0,8,E08,,,,,,,,,,
62.5_0_E9_1,0,1527.743792572682,22254.716652035444,3885.0,17.23985095327328,,570.0006054849496,12247.28346438205,0.2691375129892622,2.6802494205649063,,0.0,9,E09,62.5,0.40340120530554935,0.7212510010810287,62.5,0.4035258611558693,0.00013326270960421782,0.033024577216066615,0.7290582780320543,0.00834633013553114,1.1448097342863144
62.5_0_E9_1,1,1538.554701293783,22332.037975744468,6229.0,30.70094710066587,,589.4890440808749,16980.61208376213,0.43152060962937305,2.6099801459290584,,0.0,9,E09,,,,,,,,,,
62.5_0_E9_1,2,2792.535515957679,29946.82570169094,6288.0,18.85810788704954,,507.4912949848554,35044.01903058108,0.43560789747142364,5.5026274215028925,,0.0,9,E09,,,,,,,,,,
62.5_0_E9_1,3,2820.62846513955,30094.79511702583,14435.0,48.02351824036199,,506.6563103979067,86871.37908781802,1.0,5.5671436578463736,,0.0,9,E09,,,,,,,,,,
62.5_0_E10_1,0,1527.613055333072,22253.77991031279,4092.0,16.66571604109281,,595.8352207459994,12675.7024022483,0.2699208443271768,2.5638179854834116,,0.0,10,E10,62.5,0.4036505170061893,0.7368655549830797,,,,,,,
62.5_0_E10_1,1,1538.347303199432,22330.557218418973,6210.0,27.78844696122345,,581.7479520295693,17202.19152127333,0.4096306068601583,2.6443536205542846,,0.0,10,E10,,,,,,,,,,
62.5_0_E10_1,2,2792.318165939229,29945.67795491956,6818.0,19.27797492589487,,518.7322417528384,36697.43388022485,0.44973614775725596,5.382966280452819,,0.0,10,E10,,,,,,,,,,
62.5_0_E10_1,3,2820.434486816469,30093.775974537246,15160.0,47.50403564642127,,506.4477796692567,90913.87805570966,1.0,5.569052921227922,,0.0,10,E10,,,,,,,,,,
31.25_0_E11_1,0,1527.339908675812,22251.82266418667,1859.0,6.063118333571991,,595.0496677342387,3354.683486572239,0.15316799868171707,2.566743570316475,,0.0,11,E11,31.25,0.2374945881676173,0.287140339394935,31.25,0.235995729461206,0.001602347357305673,0.6789730309798142,0.281592826191876,0.005930541072702177,2.1060696584156355
31.25_0_E11_1,1,1538.202649859835,22329.524379264625,4497.0,21.62197646972268,,596.0747344394521,11683.07975689261,0.37051989783307243,2.5805533450538864,,0.0,11,E11,,,,,,,,,,
31.25_0_E11_1,2,2792.103458020417,29944.544115654975,3520.0,9.67232581605201,,516.9386241175629,16329.02278775832,0.290022246024553,5.401228168598663,,0.0,11,E11,,,,,,,,,,
31.25_0_E11_1,3,2820.133816997613,30092.19621549594,12137.0,42.92974766258627,,531.2293404820784,68755.34686387774,1.0,5.308693632091944,,0.0,11,E11,,,,,,,,,,
31.25_0_E12_1,0,1527.187091012177,22250.727564396977,1420.0,4.424510079971904,,645.5259016298783,1980.915522406811,0.13275991024682124,2.365802963376382,,0.0,12,E12,31.25,0.2344968707547947,0.276045312988817,,,,,,,
31.25_0_E12_1,1,1538.031343164086,22328.3011690557,3093.0,15.63572607965838,,627.7734287026288,7176.052007400179,0.28917352281226627,2.449978404378499,,0.0,12,E12,,,,,,,,,,
31.25_0_E12_1,2,2791.910048127024,29943.522710124773,3071.0,9.947421197298706,,522.9523605996138,13520.34991114524,0.2871166791323859,5.3387464298389204,,0.0,12,E12,,,,,,,,,,
31.25_0_E12_1,3,2819.911606663836,30091.028638108823,10696.0,45.01352073257547,,538.9820646825706,57656.84577208284,1.0,5.231921044208775,,0.0,12,E12,,,,,,,,,,
15.6_0_F1_1,0,1528.028614416274,22256.75728084588,2204.0,4.646798562228191,,583.3127220057677,3887.999833037125,0.08562548562548562,2.6195701838321384,,0.0,1,F01,15.6,0.11828337236317847,0.14110425563407858,15.6,0.11742399900552662,0.0009187087633308527,0.7823858590334785,0.13795572573245704,0.003365920046823372,2.439855271647828
15.6_0_F1_1,1,1538.376682279726,22330.76698196509,9259.0,31.89797383780582,,568.6812576358965,27554.09335859974,0.35971250971250973,2.7051650843479815,,0.0,1,F01,,,,,,,,,,
15.6_0_F1_1,2,2792.321213471596,29945.69404814788,3954.0,5.492812424328265,,475.0928391735318,18455.89908707164,0.1536130536130536,5.877422228314573,,0.0,1,F01,,,,,,,,,,
15.6_0_F1_1,3,2820.385726324369,30093.519786255332,25740.0,51.53506696241862,,502.2398980537017,156031.2216192523,1.0,5.6156146440257535,,0.0,1,F01,,,,,,,,,,
15.6_0_F2_1,0,1528.102862101482,22257.289202737476,2015.0,4.855866932607032,,633.6931041404903,3212.647917605637,0.07801006581494387,2.411424161186233,,0.0,2,F02,15.6,0.11656462564787477,0.1348071958308355,,,,,,,
15.6_0_F2_1,1,1538.573336722003,22332.171021918577,8302.0,32.4837722767703,,573.1924712915196,23831.42752733369,0.3214092140921409,2.6842176298221143,,0.0,2,F02,,,,,,,,,,
15.6_0_F2_1,2,2792.653781019701,29947.45019765086,3709.0,5.638876903669072,,471.4418606546651,18421.87039697056,0.14359272164150214,5.9236440674608275,,0.0,2,F02,,,,,,,,,,
15.6_0_F2_1,3,2820.639896280864,30094.855173977427,25830.0,56.73468888362693,,498.3215191470144,158039.9739164472,1.0,5.660281139592371,,0.0,2,F02,,,,,,,,,,
7.8_0_F3_1,0,1527.890767006479,22255.769686078995,1320.0,2.120939907663832,,624.9031500591967,1534.780740848181,0.06336101377622042,2.4450041048148705,,0.0,3,F03,7.8,0.07504558765869394,0.07403856835775766,7.8,0.07567040290385765,0.0006679555935534645,0.8827171098879035,0.07226852746802023,0.0018922533057079015,2.618364275576596
7.8_0_F3_1,1,1538.626184207989,22332.548317961184,7472.0,32.15091070616302,,582.0069418680562,20729.47620261986,0.3586617385878174,2.6436560692377498,,0.0,3,F03,,,,,,,,,,
7.8_0_F3_1,2,2792.467103811439,29946.464446793958,2347.0,3.251524327585004,,497.2414583374051,9371.36591752679,0.1126578025248404,5.615917693485243,,0.0,3,F03,,,,,,,,,,
7.8_0_F3_1,3,2820.837218797141,30095.89184793513,20833.0,52.95068054353219,,502.715172015288,124875.6417252351,1.0,5.611203671233851,,0.0,3,F03,,,,,,,,,,
7.8_0_F4_1,0,1528.480756512707,22259.996294423665,1349.0,2.738441022488243,,686.5405978656314,1219.641932257807,0.08374720635708964,2.2263515970716985,,0.0,4,F04,7.8,0.07629521814902138,0.07049848657828281,,,,,,,
7.8_0_F4_1,1,1538.733028107755,22333.311092635777,6369.0,30.15015375008741,,594.5629189594739,17300.25694811894,0.39539359324559226,2.588007053653201,,0.0,4,F04,,,,,,,,,,
7.8_0_F4_1,2,2793.400380299493,29951.392288690455,1920.0,3.216731559523343,,447.1327618851216,7137.163892118754,0.11919543084181773,6.247362346079171,,0.0,4,F04,,,,,,,,,,
7.8_0_F4_1,3,2821.086363176005,30097.20072607365,16108.0,53.24813623735769,,507.8746360015567,93546.67389741648,1.0,5.55469039640593,,0.0,4,F04,,,,,,,,,,
3.9_0_F5_1,0,1526.0,0.0,0.0,0.0,0,0.0,0.0,0.0,0.0,0,0.0,5,F05,3.9,0.04574958950256957,0.0,3.9,0.04783291940209648,0.002227173345043387,4.656151815282618,0.0,0.0,
3.9_0_F5_1,1,1538.728183853032,22333.27650935151,4653.0,27.57515319563396,,615.4187175146735,11636.61897990649,0.48686826409961287,2.5002947425243756,,0.0,5,F05,,,,,,,,,,
3.9_0_F5_1,2,2793.004126840001,29949.30011208041,1135.0,1.853718347058405,,324.0722470655323,2381.617239279477,0.11876111750549335,8.618461321913855,,0.0,5,F05,,,,,,,,,,
3.9_0_F5_1,3,2821.208388262138,30097.84176257595,9557.0,49.95275411403426,,533.973537235904,52057.67450975076,1.0,5.2834235997274845,,0.0,5,F05,,,,,,,,,,
3.9_0_F6_1,0,1526.0,0.0,0.0,0.0,0,0.0,0.0,0.0,0.0,0,0.0,6,F06,3.9,0.04991624930162339,0.0,,,,,,,
3.9_0_F6_1,1,1539.001921069164,22335.23064156287,5270.0,29.85867191019329,,609.853491833782,13403.04277737449,0.4514305293815316,2.5235600708647334,,0.0,6,F06,,,,,,,,,,
3.9_0_F6_1,2,2793.080441523525,29949.703057284714,1255.0,1.970372619349101,,297.9463605373281,3275.876969109111,0.10750385471989035,9.374440541869266,,0.0,6,F06,,,,,,,,,,
3.9_0_F6_1,3,2821.065479623707,30097.09101673735,11674.0,54.71164946900231,,524.1469733848118,65627.46630489668,1.0,5.382203127885987,,0.0,6,F06,,,,,,,,,,
1.9_0_F7_1,0,1526.0,0.0,0.0,0.0,0,0.0,0.0,0.0,0.0,0,0.0,7,F07,1.9,0.0427411489996694,0.0,1.9,0.04041784512351959,0.0024837163171189842,6.145098308750958,0.0,0.0,
1.9_0_F7_1,1,1538.63416651298,22332.605305762147,5998.0,27.8163892905699,,584.1698136375255,16146.63639381961,0.41248882470256515,2.633881673775932,,0.0,7,F07,,,,,,,,,,
1.9_0_F7_1,2,2791.570503338926,29941.72947349875,1397.0,1.321544138419827,,311.3476789959778,3599.409074225149,0.09607317240905028,8.966087405376127,,0.0,7,F07,,,,,,,,,,
1.9_0_F7_1,3,2820.965250611183,30096.564469436104,14541.0,46.2983689241568,,511.7076034289096,84214.1392654884,1.0,5.512846070115301,,0.0,7,F07,,,,,,,,,,
1.9_0_F8_1,0,1526.0,0.0,0.0,0.0,0,0.0,0.0,0.0,0.0,0,0.0,8,F08,1.9,0.03809454124736978,0.0,,,,,,,
1.9_0_F8_1,1,1538.592078221953,22332.304824562503,9243.0,33.94406019241681,,577.0222897705501,26181.47085612708,0.3902305159165752,2.666434391700477,,0.0,8,F08,,,,,,,,,,
1.9_0_F8_1,2,2791.28290691437,29940.210505085408,1778.0,1.151783273030422,,305.7325951092665,5418.475726661339,0.07506543950012666,9.129817859024113,,0.0,8,F08,,,,,,,,,,
1.9_0_F8_1,3,2820.631366134878,30094.81035829219,23686.0,52.77828309392653,,499.3686804527391,142237.5896713405,1.0,5.6483946161333725,,0.0,8,F08,,,,,,,,,,
0_0_F9_1,0,1526.0,0.0,0.0,0.0,0,0.0,0.0,0.0,0.0,0,0.0,9,F09,0,0.0,0.0,0,0.0,0.0,,0.0,0.0,
0_0_F9_1,1,1538.366568366958,22330.6947699191,6102.0,30.78174245374843,,582.5416142978587,16675.00371559104,0.40341134470448237,2.6407839896917262,,0.0,9,F09,,,,,,,,,,
0_0_F9_1,2,2791.0,0.0,0.0,0.0,0,0.0,0.0,0.0,0.0,0,0.0,9,F09,,,,,,,,,,
0_0_F9_1,3,2820.409327992718,30093.643790018945,15126.0,44.81299631201468,,530.0106660475267,85361.81715906189,1.0,5.321419942405099,,0.0,9,F09,,,,,,,,,,
0_0_F10_1,0,1526.0,0.0,0.0,0.0,0,0.0,0.0,0.0,0.0,0,0.0,10,F10,0,0.0,0.0,,,,,,,
0_0_F10_1,1,1538.456699531983,22331.33828647755,4701.0,21.23938608257189,,589.8923655785464,12104.84134031754,0.36450337287741336,2.6080295140336607,,0.0,10,F10,,,,,,,,,,
0_0_F10_1,2,2791.0,0.0,0.0,0.0,0,0.0,0.0,0.0,0.0,0,0.0,10,F10,,,,,,,,,,
0_0_F10_1,3,2820.394618600433,30093.566506560877,12897.0,41.14038677608713,,531.5206020478587,72649.56745252994,1.0,5.306275255811217,,0.0,10,F10,,,,,,,,,,
