,0,1,2,3,4,5,6,7,8,9,10,11,12,13,14,15,16,17,18,19,20,21,22,23,24,25,26,27,28,29,30,31,32,33,34,35,36,37,38,39,40,41,42,43,44,45,46,47,48,49,50,51,52,53,54,55,56,57,58,59
0,5.706814119407274,1.3126747947172226,1.4390999184186608,13.499017770637689,1.1316643874373673,4.371309470255574,5.598427030649466,3.8965296314564557,4.8676107620802105,0.7881256592517828,3.2708137074389843,5.388937853819656,2.12925179583421,0.2793091421153451,8.808255650969533,1.05499770335034,0.8699494464190034,8.447753686450458,0.5977350713966537,0.2027091042906348,5.850912412205843,5.375877174953777,1.8294516381698438,0.47240126831284057,10.511680024352064,2.6757023648940415,5.374872824373989,2.1587010504626325,2.3458078300489,0.7421644797564617,1.9555700940631502,0.5299260272332522,5.3962573898188415,2.8032979009925105,1.3778900885134702,4.598350709088357,2.492675019324296,1.030603250956974,4.8695174773233205,3.549049351145748,5.328940638651281,3.14369589143964,4.9803337798674825,6.407396735862721,1.5886399869117984,0.6338236434352013,1.1796453722350055,3.348778319517083,10.214665437721933,3.4266647196987208,8.4170271665289,0.23038435095734386,2.1367857958805536,9.998880123538786,3.393896252491624,3.599648606943562,1.421218749524841,2.2408496317609727,9.01532412456748,3.6187494765326678
1,6.494087735553299,3.466628780440039,1.3757744648302785,4.220421452909313,4.344395471616483,0.9222157902091194,1.1391738391101371,0.6107765215607528,9.0913164908006,1.8201896255149452,3.796151191010155,0.26647105088808787,4.976386000392451,5.534989125603984,3.0983481469393737,3.9695815197167534,0.2646946537929748,0.5080456078429552,7.223553232226228,4.807360790141787,1.1839417213977275,1.8614272431487422,6.355770042773802,7.874237763009903,4.305949028160933,1.3466145797721318,0.7428750805345496,1.1017294240196256,1.2687228970860742,9.978494974390074,4.24762983426714,1.2675299192061593,7.281692139826718,7.08430819602199,4.945422373713249,1.0891014503084668,4.7298831620364705,1.7635074187840218,2.07654472774543,10.291019401007759,2.4970525149411653,0.25850059083062704,2.6663825774601353,1.2270270880879293,3.0741339541651196,5.02161220024175,5.952074002765725,2.377103480404944,10.182986388972047,1.4050523324647672,3.2767111229075887,0.9974319400201087,1.5774331497571656,4.664024092655518,1.052313961207706,1.1323092271507942,0.036325535070598484,4.513894779339028,3.048493839797675,5.602423215120975
2,5.739530684230539,9.122989729255828,0.2695262537458691,0.6035017719665402,6.358505389286734,0.2526195520596259,0.09522223922061922,0.3492837552390654,2.4509158432710283,4.790488952619408,3.5077091508046694,0.49250208054808164,3.4492357737496797,6.53691425347435,1.4279609943838325,3.60777472443639,7.764556548173941,7.04935977570668,0.7401897182634347,0.4938987873212902,0.19457847077134116,4.102107356309583,5.907739698713154,1.6466762229142626,7.317792716403812,7.012245136406976,0.33503057657966784,1.893021526745432,4.728430475423455,2.8562606198679634,1.7249026883104832,4.037627571704966,9.248442530866223,5.373575344474572,6.648218972227883,5.407627232991011,3.747261893064624,1.334344975965387,6.20218086172058,1.0069841009218576,4.213433226141124,2.891824896083175,13.028554440689035,1.4393652515380229,2.584594306546894,2.3109092003006473,5.105146467424779,8.320173424523725,3.1273660638708245,0.8366889108365754,8.521211272621379,3.3697485749673013,4.632987766078416,6.716448960464905,3.639553478150938,3.9847906109353555,6.342275770925049,1.5858320905277967,2.5229068723248087,0.5215161336132939
3,0.027666920694134872,1.7341348602733833,4.2723371546351085,3.8550025012221907,1.1464617835475275,4.612023712175524,8.025181058661346,8.017121646424945,4.082059711018519,2.6012172229615595,7.246297352574618,1.8618281828434255,9.724134275851826,6.06273885417732,0.6671825065746105,0.6565038588646885,4.244512723322885,2.4048117436835352,0.98660861859254,4.559039439107356,2.572538538238147,1.3960882912242678,7.873032106557608,0.7676216825443924,5.419901283107529,1.4957044931677044,4.326705790033815,4.927238810683846,2.4998306730545004,8.652132576641497,6.125785840911768,2.848903903247267,13.499710086265786,5.888722525090314,1.789764632688806,0.48711803448355395,6.176062855961172,0.8902202072727489,0.6008644733558842,1.6915780205664575,4.769835294008208,5.953008627848368,1.5184905365850552,5.155689429399553,0.6079261921701883,7.695622317889372,8.38100998399926,0.5623898141337604,3.572877180464677,3.651948174623518,3.296807585161354,6.393486914368386,4.912035019167057,9.429341047115807,0.27896639542984647,6.638495978483486,5.810065444724035,11.83583441528002,2.1167308091211385,7.024396535701696
4,2.075272548931038,14.894692610965969,0.8031545530463733,1.0304041229422367,5.0240504496241645,2.5562117835557463,3.94221372890743,5.7242596137362325,0.9791333799407319,7.937703348609576,0.594611099162748,8.19211178506473,6.229471160502928,5.543367582650611,1.728678825991138,4.686324972887529,5.511951297982389,5.810881610647622,5.835171657999497,3.9938892009333653,1.064327873594738,0.68296952763678,3.9998790344756485,8.305790452790408,8.753118641089063,0.5635991870895478,3.1782272200667556,2.5599932074604737,7.604169004980081,4.452651720411322,5.803193393319005,4.309134025621571,2.083860746543794,0.9643040873357618,2.065688737529838,6.472721708290705,2.3230131349671557,2.896415259206657,8.282620122383234,4.343864986317466,9.212753067261824,2.844658084111508,2.6865511476121147,2.0563248431899934,1.4180193404092205,3.540230443216999,8.431086177785264,8.051443857334645,1.632945334954922,5.3990231368023,5.1345282430095995,4.525345366156325,1.2402960202861895,1.0553389071981916,2.894922668068645,0.06805152322892563,7.0759256770413925,3.7401683700431327,3.090470550004667,0.9175170310860953
5,0.9960069181846277,3.433281614617241,2.81968739384678,5.063640761605555,14.27386669264219,0.1660154111935111,2.4690048126850774,1.3420847562986535,4.06740888913609,2.0398839230250703,2.264075827732582,3.7723244060972076,2.748980413419366,0.16762779613513773,2.9518988206423242,0.19961828666163478,0.138938540299468,3.179428624776704,4.750861314590449,5.836440205214005,0.7685247992845518,3.35427949856544,2.85514679992707,3.79319944391671,5.636817989948889,1.9938708933387042,3.8710732576765405,4.443027088616894,0.04688500835914443,3.348227562149597,0.48507410834544495,5.880201919444534,1.3810965011531922,4.387988064757009,1.0022621707976296,2.22913041442548,0.09392340496284639,0.8189542141542852,3.8629000512631833,5.2791595784144265,0.5041161235536629,0.7093104768741301,7.165285279589356,0.42086058973444973,3.0309810099829644,2.711288338177766,10.25264778953982,2.837523325759575,4.6176841973180585,0.6068632595037962,2.3930853588249836,5.276326818980226,1.2017134817186617,3.6273946336605345,1.619195604080235,0.06241143090455321,0.9022243221290104,7.532823508714369,0.8919265555742666,3.049378220791578
6,2.828333629859063,0.9352256379876612,6.732066276785939,7.721487122246091,2.795460723193595,0.3022347685715139,1.926041171013372,0.9401911520631917,0.5655069110061659,0.5290465824530395,0.777247009659794,2.4993828338218256,2.317867230367901,0.11143468375521184,1.1363774039159515,6.3718933424758895,2.5150977931400216,7.451081614528335,2.8870163676433007,7.974122592156952,1.5240788374644847,4.501084068062343,1.5916387653296347,0.856450116445982,2.551569153824812,1.4700041170628622,4.12518395702274,1.1136953719681528,5.305105219535654,7.063417688759902,1.608967179586846,4.666500958956344,4.98697535384074,1.4455226956746736,8.568455213596431,5.5703635465247325,1.168560403626415,1.688608773641713,2.538837712056667,9.242075952912908,3.549090457065457,2.5945899955155034,5.682872405697863,5.267461088086391,3.2968852047760637,5.519730521643913,4.847877562759178,6.107533292333137,2.2714843255000843,10.760323595603587,8.038124933777866,7.276784972285453,7.828972486052756,13.285509960161088,6.417996528046506,0.9342563491408201,12.334249315057127,0.6265284365128037,4.4171786613966315,8.854322301062984
7,3.336679953248142,4.723022985135712,2.078079212593312,4.430266266394351,5.679596939283532,0.3040888581181426,1.8452279898644905,4.2971484537364955,1.5715286986862853,3.019769829215421,3.9311178403743123,0.9354792200493655,1.3301823357426361,1.5670888804570293,1.6814956108597854,2.18200291207589,3.6231809478032755,2.7249035889673223,2.586853064272372,5.1431685373494105,3.7370772219595905,2.0204460542529024,8.377368335051536,6.600996139660929,7.539101955218559,7.835813221195425,4.810433288626957,7.349459856933056,6.427710123809321,0.07074568586635765,2.5284127009376185,9.21203987164307,5.2647358378461595,5.554898925435899,1.6265906403012809,1.9176305565231389,4.914650205463405,4.629123375187313,10.096417734833858,0.4862216041962761,3.4709473695388713,9.482481629137647,4.921075504692861,0.5953523978341763,1.5977193046193772,5.954971040110029,1.2762002295137647,0.012444698889243764,0.9728162148424692,1.2621745524248373,9.27401805316138,9.091306468099226,1.972868904871047,4.0133556271090525,1.5247993759181846,3.0217258728444274,3.9277020732577315,0.4519747292103503,3.8675404248752274,5.17700407978113
8,4.7793969651495525,2.8512847241222494,0.03331898819096669,9.061881346802776,2.5827679204605576,7.736122448755345,1.3754305566241718,3.397409784257161,2.6312503247901518,1.6503037905638984,1.1120368876114748,3.936090650170956,6.187310385857529,1.1960182804087092,2.0738294808675803,0.5804093050825312,4.45786153767191,3.2048196723743856,7.924191874389008,7.7600663890863455,7.143172995114028,4.738671103509726,7.210669022063108,0.650866777044722,6.744079857031754,4.935823459999996,2.855684367503261,0.43916830065730045,1.6705901773466763,1.0918927448231015,2.7266216103341163,2.715088423461243,1.9667413913122436,0.20986658852423606,7.05833225021153,3.856071393449004,1.9571055612680541,4.552927467873088,11.096905746430629,2.9408212038542603,6.3248782924674956,0.48380355482431503,2.2509905354978725,6.823466973036848,0.8034259193361764,8.757574385395504,5.197404331972174,0.5157119841737788,2.8721467241240033,7.3021867975276,8.841300360060545,0.30818189840677984,2.9574526402351315,1.940404422821873,8.08341444685179,1.3988724966656356,3.5472566935791927,4.171731987578967,0.13623440001691417,3.3142985511491485
9,3.0257594311552256,3.3946393717361314,1.7548234397348206,6.659026309629525,5.188885551912389,4.521554559100428,2.3310504021282092,2.9108249962953603,6.804481395114377,3.5297149547897613,2.4831463835350713,4.487335110521139,4.583388602709773,3.070939096537348,8.278307921161037,5.750583170617577,2.143785793560635,3.1571470843122027,5.2030328085476105,0.7142174607087498,0.46682573975627256,3.849923846609606,3.199558688952388,6.053773479502105,2.6650999205612806,1.5239742422961988,4.221103939864644,4.929420515164775,6.192242479127447,5.705129307678751,4.00053080978939,0.3119017829139812,1.6747678928244822,4.552923521780235,1.3056986913969049,3.2802950691269968,4.385775696259279,10.757409761585471,4.112914537795715,2.2815336858675193,0.9172116568669695,1.6487152702740235,1.2747826573531014,6.9557081959994695,4.438615186889377,5.685661298487695,6.523971386696567,11.3628275050084,2.0175043635346896,1.6559349539609878,3.7037735162544836,5.630452892306685,3.2860804890103266,5.169958107321769,3.244414610181024,12.119827796693325,7.5629690045652564,9.286083271922838,4.370912093739786,2.223580065459209
10,4.448054517247834,6.438094718913174,0.7239660986004415,5.59978577428005,5.689968539088937,0.7550455626460595,4.81940707646285,2.3431991702392647,1.620128034750654,0.9266525978638016,1.7587250746879601,1.2589446588816575,1.277528641096425,0.7964299065850787,5.556053669717156,2.0368757567807814,11.300035673402684,8.128808879724112,0.7800656486252572,2.0348112441010078,12.103467758391805,10.455997090639782,4.023407785371163,2.8900956795518047,2.9610011703214068,4.8437081273187115,0.8767446110111947,6.181082159754588,3.4010003243667626,4.925859509375946,1.502467019820519,4.862305184693279,1.5151461906612766,1.0317384701063101,8.857984353261454,7.460851712945273,0.8197381049090506,1.842455037188404,4.274487682392998,0.8690903090894284,11.700694501146858,5.408835641848832,7.657265374994604,0.6060466563170859,1.4664972617245728,0.39740534793867244,3.7763659385389152,0.8548467723501295,1.1096483693714763,11.441409083271152,0.9824385087498757,6.882986483114877,10.549302327485101,0.46798526039693766,2.890129874482743,3.986236243237096,0.4344924287762086,5.859734753188894,0.3413595897693189,6.200006137259302
11,3.709677476583273,3.803259306378454,1.3813223268633965,1.1185707400984362,8.770875599849298,7.939683793143498,8.946531864931984,10.250378415742539,3.958619051141985,2.779561191525036,1.8253396418771703,15.485219335156115,1.8983091793377254,1.4391254231764976,2.125981006876568,1.4365643726243682,2.8398360649640457,6.814055420387031,14.914096250665533,2.729447718987114,3.4541008948909715,2.0500964424477583,11.919736426655575,1.877182075194971,1.046420514383596,0.04602978089240577,4.358610236882871,16.837126928151708,1.3697456814774913,4.251900828524976,0.11010496082569633,3.590815452432337,0.7802784940417686,6.559982823797004,1.074255902517222,1.4501719330670468,3.1983534889517773,4.15616051037248,15.514949919218155,11.521925274580468,5.897671844880511,0.6392003173846754,0.373894876961306,1.821416579685243,4.078981375708119,1.6606765558407832,0.5914726319619712,1.4819479340613273,0.9070040926582952,4.552229938541774,9.498007914579055,3.0738888794965096,7.548492371944937,1.589618054984041,6.423503884625898,4.938890862279285,5.729424235914856,2.498324583360936,10.916217041928178,3.799537081606384
12,7.582018656724813,8.299942777292014,8.586823221195173,6.267727919736654,10.695762252738488,1.9234254212258382,4.850276012317432,5.40421573518752,0.3597575400879072,1.0176093428184017,3.0443509077916615,1.530005052303515,9.439560909527604,3.3847258124273116,11.669507672606745,2.8200581187794826,2.333059983446085,5.503764272934239,4.197916384331536,11.932123412641968,0.5592533459340896,5.804535036009271,7.304493803701927,0.7350173246006796,2.993033419693163,5.014175623442246,1.6022764482629799,2.954188849195071,6.392954277882501,1.086399147173044,0.029539727599990684,1.3514524491681552,5.462918815057614,2.4246765045844514,6.561284264085679,2.34966739167686,8.331052792658136,1.2532546747817603,1.5748367277228457,3.766823721108899,4.5698123907218156,8.672833988182989,9.082931797640006,5.5509584222156345,2.260441567168186,5.31187545685904,0.7848763440328863,7.307054568231792,1.5260043484684658,12.165899982869723,11.745098912882309,0.4111159918132882,2.774257733315362,9.307386091132763,0.812815076199248,2.8195104499251284,6.4190505546573355,3.6324104003366884,5.431386418778099,5.84188602066127
13,0.01082723427636598,8.788065138394927,0.5304878330261633,6.0641601360085655,7.57482095788185,1.4726257062149997,8.08956533110916,3.6102460852894582,8.451572250277069,4.804193921386967,6.744067719112943,4.924372425475988,7.089924144143147,3.3964447495711503,7.002112468436445,6.087373166259306,9.498581338044275,1.4641873892967183,2.669605418507315,0.7362396710393331,4.421697445711994,3.8849200452999737,0.06438721704103635,3.6045999834918465,6.105329781527028,3.5683049470649975,5.4196284494435565,7.763223593821054,4.102026763772014,1.2065466033696681,0.21714864603799378,1.027963540092854,2.467763218102126,1.0961099942735548,1.3237697902960608,7.974035769916341,10.231537143922449,3.0540767189739917,7.3911090127800305,1.0930185396538865,2.636002670740607,1.0078937392881637,0.9487452484285951,10.21274022254213,3.3237845899836764,9.29758135594906,1.4458860637999296,1.5199562352028035,1.8813559499594945,1.013997868145037,6.710389169773969,0.43468232606896423,3.8442719028395773,5.715674217993065,5.454628282084624,4.465628832163492,6.17621538311656,4.21970954995676,1.6579387928497846,5.193821871121243
14,2.8743867127162344,1.2751095411002265,1.800445007848255,6.639350292048167,4.865352605070973,6.1479981333812805,5.583488668718567,4.150757076178683,0.3316833414764455,4.855605073463463,4.154075263883474,2.589083264561757,10.388574570018234,4.508080416008155,4.055706056851191,0.6220297090928348,4.699204509213243,11.376503758197982,0.06588741127315118,5.9753779631620425,1.3328003562166766,7.824616428694232,0.4865780459157425,1.9011580667300443,8.579222156987079,0.03319065732181407,9.94698017429053,4.682060506375315,4.975583752171971,1.6761001379566496,0.3925711006618239,1.5509768699442306,0.298285784791045,13.347595060579682,6.173516823953261,3.2006611350864214,3.4559205033781204,0.46359701305209217,5.076912962742344,1.9244509245333294,4.856519481931124,3.03971244035435,7.914719299873317,8.61728974386161,1.5297491396866723,4.5079137373484786,2.673469640127173,3.075355370608157,5.527324500447594,3.4325614206400354,8.027150468847365,4.844573367628441,10.925268971415,1.7506155933666991,4.561122425842243,2.031804332579532,2.3242858047639325,5.775817294615074,0.7208733467861705,3.9053786937359627
15,7.764854156266667,7.503460595083214,4.281978005635624,4.485912762402325,5.07726172147566,2.3355665974630995,10.053512188427955,5.8125720617476,0.7751504725611391,4.953984959484327,2.678633323737025,4.102035835064485,7.361440730900885,3.133425126991212,5.779561912337331,2.184909146962946,6.170152185175542,11.06145250847618,3.035199828569137,1.036743024047244,4.878460834839538,4.890428710791185,3.054306714334898,2.793331024744874,4.794416652226364,4.494587210290274,7.442604862734623,5.2734213820645905,4.142279331973888,5.43696902768689,4.462256089155483,6.148904358527185,6.540504504151098,11.529542574597656,7.543368653597991,0.32527892424096266,3.0299945311858396,1.7487416469658497,1.9208969030412333,0.7078494913331824,4.312357632629774,5.28690876642382,0.31967694805792746,4.356069933451311,6.275079999180422,1.0040218324865173,1.3758000479193426,2.286117511334023,1.6974401074783558,5.059995706906141,3.075719639077626,2.700821249775087,6.185489534739888,1.857423991943946,0.3826957609721443,3.887999370203794,6.385031300002577,9.904404259601247,3.781977948322563,0.5187266594366867
16,5.039751872449042,1.4769424926960395,1.0336729521669135,0.07576595881432267,3.4877263561797416,6.279755069966809,5.3744651737135385,9.57357263536313,0.45863115752099143,4.238730522560481,5.52713810207085,1.946617334408606,1.580769851464359,2.0551869415649886,1.8393796694413178,7.632213009084467,0.7227715834016307,2.9174816417041955,0.6438666936092153,0.9584905724352715,0.3866884315139906,4.4823061407828355,4.141049868257017,4.41816285704307,1.2476918466391709,6.051744143951444,1.8102463250386014,7.593839718663235,9.35243736658107,0.15618376963000105,3.830114924405619,3.01204455972719,3.6976116334941374,4.729444681890643,7.88106716280028,8.050476506230405,0.8826806929281039,3.573963393957989,2.607992997424261,2.535146126703862,7.004355914331074,0.0621158799738805,2.8035014959626903,4.573248111489751,3.440017685725583,13.583186013698153,0.24342785787711246,1.3423894134438272,3.261496887382224,0.537901183756642,0.7927231384281126,4.182792257888425,7.155414623178091,4.067320523828091,2.8671085386313706,9.203636305585006,2.36842390750075,3.3727713230458,1.0262696908154265,6.613161223946974
17,10.386047728497106,5.723749819076268,3.0360193447836217,4.57757073232478,1.8467617451246574,3.1877811347023766,5.559191147500159,7.1108307411938885,0.41066970754168575,2.8956532406306574,7.430245576631648,0.37106973565139945,0.08535821112786543,10.358526961029062,4.102064253569873,2.1852169304964644,3.972012037884906,5.863245782657368,6.810287786964164,2.5363523749907357,4.735241587801642,0.22413481709646882,2.0574304726375416,0.08135018760920909,2.2515136694469136,4.954075090967053,4.547811325311942,6.42570574057949,4.092603619843221,10.658378101744528,3.792417984703081,1.2250678002942146,2.523231653199759,9.327601674401308,1.1549364498623187,2.921332471093004,5.1831972058097335,2.192721178269764,7.9587742916007524,0.6615363646724823,1.5513341626696961,1.3830612033261878,2.927784843807693,0.08948253476793686,5.544621241558852,2.733358484194264,9.158635638560856,6.314385523847491,1.6095667996578231,0.2285735241933624,7.1377679023329685,0.34276433919327653,2.191198007047204,1.07609839672031,1.5343072333757126,2.9049899691955723,4.994314398576397,5.943588020225629,3.1967410641832843,6.270005113504081
18,1.4420424652410169,0.9530827341120373,0.3657907502365021,5.753301321449268,2.9275717436803554,4.875033782806102,11.25090158918563,3.670217400191432,1.3547673806270388,1.0578872463527336,6.073894425413341,3.083456984775488,1.4675014513676294,5.85116053949379,7.322601917352978,4.389193501561535,2.065771628186273,6.212348332463011,4.31642206560708,7.244247603300852,0.4068174642181861,2.5637837688441683,3.636840254582105,2.296208088451838,3.947824682245794,6.236799839793095,0.037054961999834456,7.266359188251329,0.4227168366902548,4.864569914254021,3.059628838445294,6.9011670539614,4.144527299531175,0.04638927516406893,6.957950876622483,2.538106711478709,1.7055583562884018,5.795844301358917,6.358933786319977,8.168799124832603,5.638026887688455,2.848549097326907,3.661622363880373,4.607001925983923,1.3345866257200565,2.9553824844265635,2.066913753956684,5.028181976819779,4.98290002557551,4.783558317256464,3.4575570282716734,2.3419651273048285,1.8940775192486856,3.609683528275846,8.13076195085438,11.627961079675202,1.9892229073704066,5.172087591400216,5.511183414143178,8.074056411564865
19,2.667386258731468,4.21178625425692,5.156852408225355,3.8455794003909394,6.88449009336269,0.014680216764479954,1.1092655838188739,6.032026291619036,1.8757430446413148,5.883255898511573,6.944220857096347,8.40618530332309,5.803584697206848,1.5184809257975171,1.2632735438988427,0.7902838373588977,1.9458930410992512,0.4963909017218002,7.309566718077768,0.5594539434595576,5.774676370430116,3.6793695660824177,4.2249609627757785,4.3532255289924535,2.168835564352656,6.847185702132523,1.8353309814825012,4.899315008294533,8.171536448647627,10.068270522488776,3.4942991908050356,8.493096154342862,0.2587373199970815,6.180314510699318,6.742842739998592,1.8886931009533134,2.8684710404596547,0.014112784846785138,4.765575434039004,8.801164556734015,3.9211940921122106,3.19883889080689,4.917439542633387,3.385753056740453,5.503257329948634,1.8456408730532599,4.037265271771831,0.06767277460997705,3.426076025292839,3.2430364456412453,4.053888993510083,2.3858852687029612,10.031599796505319,4.4582115029510385,2.2026406682204263,5.6578202617301345,5.0153755916754275,2.933392103036183,1.4350253859332667,4.473941643475633
20,4.139684093729791,0.687051497281474,10.699630793908238,6.9762325792613264,3.8667815031134225,0.7956110004874035,1.6170836380616582,3.3687896752317674,0.09120582464609757,1.8052033575939739,0.7188168979268206,1.8792875603715775,6.740496557176146,3.174499742570923,5.87516100101303,0.22586452145942082,4.502228326899347,0.539080806313165,3.1035004589005535,5.0543212434378475,7.360272835924981,4.878999444909381,3.3496750051468496,0.5461447213224311,4.996636059639794,8.841453686887547,5.270703683008885,3.250755648854469,3.880677009731366,5.034280468648133,5.328797330673223,0.8347651333358601,1.0383772299010006,0.4084661074602175,3.4415552543548937,7.241268151489074,0.13166267859209058,0.8411419148199422,4.904374690803574,5.87219948614721,0.8348151745194038,8.879972819887467,3.5590865220898857,3.290930627014294,2.133543257675786,2.5971421243281396,4.239445320841048,4.351165226905712,0.03847929509024975,0.5146653645620118,1.187128699442586,7.697374118529067,0.6823896924136934,0.15933225937840756,1.233429971483113,0.7240206501650472,2.516402410645454,0.9920138592556343,3.127773374927485,3.4638163325140203
21,4.329715463520047,2.026936328182313,2.0950551004121247,1.4900639930179542,2.1897504804963077,0.17607779835317336,9.593230295022654,0.0037356972890209682,0.3224390978357506,0.7906922676857897,1.255306437130195,1.0627386776010541,1.3048130376151574,3.4786994667696476,5.585039582324067,3.275679883197156,7.178495521086279,6.7117874667179835,1.9690277386819799,1.171414254044337,0.7099807526366197,2.2076166374363204,7.952453245786206,1.7927359681358235,9.534486151206108,0.17302878630391205,1.2708612070835161,0.7031663270057313,6.783082181251193,9.795512945924983,4.923804794707466,5.226591693030675,3.4292124234660126,6.561861027447412,6.131292914051619,0.4663826008185637,4.05548375043805,0.8792615861756709,5.770810933961734,8.100554897891609,2.1437730416799248,1.4715442832607273,0.41379318816629784,2.122874308652209,3.3803953933032123,4.565828922582521,5.44484434406394,4.054526024215047,0.34307217733341155,8.426164610840614,3.2310531364884083,0.7384430352886738,3.191282606165948,2.7466002826566083,2.098995303329328,0.7354133384194197,3.0833016018044477,8.512213264172214,3.9462656033522214,2.747729282057139
22,0.8953973571154898,2.4172456722420477,5.178553716121392,3.18815205518293,3.3882081154312287,2.337419921473794,5.961218931265143,3.010550053099279,2.0015302403055326,6.207933355541937,6.6205638049541635,1.2897226985279229,6.175418157831629,1.520303169323015,3.3010010377616443,7.351544386117678,1.1866642675738677,2.3914367382128408,0.8732919826161623,0.3215017799798186,0.7670997822919472,3.983141312588661,0.21551411018999234,5.009604701717736,2.6645682392488728,9.382560418100828,6.672620450761708,1.9791974468661673,4.51993242335082,2.3242481048015313,4.38513472705863,1.711578402044114,0.5655937587780808,4.149580170382441,7.334673674456628,0.7323826766979269,16.44843299654664,3.6753093121106595,5.343439352838293,5.428470732316196,10.730494966847564,2.0242640280580484,2.6060725975073087,4.017354497004285,5.011063228407734,7.870819668867614,9.368409326584624,5.872829214903729,0.555630246958596,0.7927705129313856,0.8105718713034722,6.763510210433945,2.7389546097487822,9.053337817140681,4.8631150617758765,7.958951880325985,5.164620749483629,1.9104195964099815,2.8714102133962234,3.0507367217383137
23,7.934735452097996,3.4519665297721454,5.4441155590242305,8.920588802642762,4.183915373744659,5.444086545253592,0.6995904131244359,2.374593693643395,2.586206287955764,5.1222833049074215,1.926796601717977,1.4445918348306646,3.356129410805702,0.41037471043882273,4.906394077923694,2.628858259035452,1.0292560891324545,5.544405793802253,4.084293249525862,3.602170302039847,4.818871091576761,11.322014405103392,4.869837166891926,1.7234439562025878,1.2802044984428567,2.5686372907989803,0.5367808975394356,1.6202528072819342,0.4740749170868283,7.090699181574632,0.8307857871309027,0.3103518856395017,1.332839554884493,8.636535824253128,3.00232251157947,0.4630846748331749,18.289901505509132,2.7504018752479578,0.8626680027502437,0.9455698304764942,2.8301654560114593,4.039957292307625,6.199121612234385,11.767342559687622,1.2829590836018248,5.183208099825952,5.312624662421987,1.5421071400263853,0.9012671886235024,0.03384307018001234,7.468974182950272,3.4365871243538693,5.425426336820333,5.675809528918425,0.7115477090555723,4.2076126918862915,7.3642564093299825,7.294908030251812,2.6043665936234346,4.581216506143092
24,8.951167129559366,3.104511949713972,4.467221805811365,13.657081011339113,0.8004953500458377,1.2066897433981196,7.620326580268651,3.907179192731423,9.704743242619262,0.5822587040372482,5.16501886498231,5.325865426466409,6.322585890982645,9.828455042844134,3.089801401253557,9.311835064251724,8.747177484796232,5.237560000324838,6.122280404444518,3.3534541802510387,0.8610548871741122,9.070784264281112,1.4475104609902698,3.089409385134148,3.2684667143858888,4.997908006772685,3.741118202405154,4.285015489019241,6.19742973954601,1.8592275497993727,4.721112061450582,0.18528956307194824,2.5094281022537395,1.4267050310436522,0.6122389461740358,8.787947902120775,0.9106527380867818,0.5154100763880775,6.50624079983635,6.3342327703459125,2.2696045855621216,7.226252880381539,0.8968846084369275,2.86059205848806,0.9703992241714858,3.233099362651695,5.3781463753275816,6.7469313054524624,2.776658405042922,1.052357272432633,4.319934322075034,5.186167128979662,4.857094363198988,3.0846086523502954,1.4462713705030448,0.06438253096061437,3.3332814944189466,0.4668727146202043,0.041914804717383944,0.2841415787240112
25,6.179683853841825,2.969516639475212,1.991329592719043,0.42745410058999456,2.2321333797636083,6.582061037102262,0.7498092785011914,2.319004232790674,1.531498203138779,0.1080777094871754,0.6275930625618724,2.7076541642008127,4.530576585872379,4.075285399191922,0.7035556884844747,1.3342687835411071,0.24102054879544546,8.014982444612956,3.1605703542217842,11.147505118231816,2.0495184235571955,0.43910196812402347,1.7032888383944569,0.013112740984321613,4.499350085294923,10.19345297979288,2.58758223119574,0.38783663552502795,0.525569683069486,5.897694304931575,5.765790506146839,0.03262977415695154,5.578589594810546,7.558985609468133,0.6578536945236597,3.0339629738460356,2.100714897674008,4.432560095802337,7.278037470333194,1.6675482221131626,0.8612782144907462,1.5626539449500407,1.7585794563606325,3.503648899242569,6.201642657907351,1.6520083659066411,0.8610516600965502,7.7544702974645645,6.207235885025826,4.173806590945121,0.9289675916478084,0.27595615763288056,6.161570538975934,1.8326321692678813,2.5129137464257925,7.105524251622679,0.5877689545023915,5.357447953502515,2.0155051788130827,5.238579932167225
26,2.9714129292445746,1.8526763937897963,1.4745697181221114,1.5235046984019829,2.0476902340535466,10.303053679503373,7.433873247757229,4.000760076645259,6.487518236898073,6.288977726260518,0.9352904913847819,2.84121841048235,2.4088130659246305,0.023771390094870247,5.657272195663651,1.6977592611054306,3.7363850952534743,6.860268278540968,7.64241167905615,2.0938955557525687,7.30944730786414,7.670186899648959,0.962317491282802,1.9333982336671272,7.744064831604752,1.475328295468758,3.8573178237972576,1.54660344461264,0.37663682815744026,2.5020333805890056,3.122999448081349,7.67506616718884,1.9963991952466351,10.900056538426872,2.722877711540375,6.150464491229505,4.69622191397111,2.32102419231052,7.347669674814076,4.672867727253493,1.1996612460722256,10.216997095477405,3.4408312016829083,3.5502397357850612,6.433554852612687,6.5339357828145435,11.123908178338475,2.0087042204341166,5.895333466346675,0.6384749027536291,5.853455902575792,6.236083361240473,2.2233978442893916,1.6380971413313068,1.9469016645378798,0.580879298441334,4.8674254106432535,1.593283198815802,14.291257682406238,4.3305758304729265
27,5.55859761959483,1.9417248027665865,3.0379702478839237,5.801275244639346,8.38403360219205,0.4713273865221823,4.177863274324093,5.864222355316754,0.44099491679491876,0.2768196966328645,6.767778108584795,2.5428187740465793,1.9954547456970781,8.747235304534076,2.8558869892135785,7.076412520569231,0.5046385241383734,3.744346063198371,11.547617257047655,1.2189693889116993,2.181381948456383,8.494010274099523,4.804165311921553,2.4145097782929104,1.2652911680584047,3.569903921984218,4.129843297114737,3.5048945557493334,1.8718065959535604,2.6117202211472,1.0714126563125095,1.738966181321906,8.811961937860195,2.9481856317672914,7.523236832952147,6.3163686286827065,0.9639718542436768,4.374462130706958,0.13659164104071522,4.273699215490331,0.48336969230173876,12.469456094506949,1.44339997032271,6.892164107537543,1.9070186491398402,14.675019445811849,5.671419545474804,4.475448040513669,0.28283908111751266,4.623422526621331,1.0354125397738803,0.330995877198871,0.358051065630832,1.4148452908621572,7.588048838538287,0.6965095418228815,2.351373409887598,10.05665608718945,1.567736847724106,7.774622450744003
28,0.3905219470315273,4.228916626307519,3.220257671622653,1.264230269714243,12.869225253627384,5.31381817035785,0.10757249467401893,1.5759370328023636,6.169057971578962,3.2951091494596523,7.8293585408155995,5.029435515849897,0.48423140812383353,5.698924764534446,5.653902034133095,0.7107738882696557,10.574189491049896,7.293987595446808,7.34187738442659,3.058195291014161,0.5760479148826397,3.572914145148882,0.3229448265427118,3.295800057107142,4.310702097931931,3.193403003207473,3.521433415896542,3.4419532650735767,1.8285235763412266,4.018953256797545,4.742722894940174,5.301482058797778,8.38865145045246,3.226727043979179,2.0806734357715255,1.2618567646782992,5.803379027742553,8.836484541116047,3.072070603777426,4.44460681701697,1.0839889478042362,0.37500806256106234,1.2087658005858652,9.083008400419807,4.474334930106484,2.031647993144011,0.18726988238303793,4.387378251677338,9.195492009872435,6.966692043267148,1.4270887212749641,2.820708957620094,2.5684081998284625,0.9514126641660294,8.61790437603953,5.658323021146407,2.0115029266005355,1.4739705897763433,0.28025379467495,9.003585507668134
29,5.983406572005144,1.1186702211947208,1.8185896243896573,2.3116701576825838,0.47468931425878047,8.805154077535812,0.7993376853897648,9.086414226978912,7.723234373665946,3.3077035769703516,4.892200195252171,4.5190748543000785,1.7006218378289264,2.626067287049552,6.367609638481966,2.3559845083103745,3.0406397278933706,3.2557565643266324,0.07809430210266663,2.8190218561315388,7.234608939946748,1.340852293774143,6.592484192183741,1.1660865460130956,5.925347331274339,3.6122051775787583,7.996588504055781,3.3556387901144173,5.935791920752555,0.2483500101455347,8.318687507738522,2.436271633370299,10.903664076805127,5.1025518701181385,6.30162561895426,1.3207785030336328,7.6851118850940185,7.530894135326246,0.3011820671583306,3.0194242610754136,2.6449815950008846,5.373930942115843,5.0041297011510855,11.982613756587048,0.22405517244018475,4.462829552916191,5.183958567636038,4.014773925004486,1.4693824543442888,6.322349387326071,2.5104254334301848,2.1640051658826795,3.173941225241397,4.3029811279170875,0.3416245727499816,2.940730048433845,5.665453499040921,0.9449385478308514,1.9797744734540474,1.945485638358779
30,2.6828492963208888,3.2706114837035156,1.8878708746188528,5.475361786012717,0.9264574792087463,5.544366288663873,2.2347719253582436,3.768313050634135,0.31566294295841485,1.951109802090282,0.5669764322535725,4.871497552937353,1.7747656065390396,10.027852440828237,0.8913903912469818,8.711266028738038,0.07397782373877415,0.3432075501015551,5.500358824250985,0.603925893285162,4.624777987505967,7.069716309941012,10.228368714199403,0.7407119086029123,4.7398651284693045,6.793628839294393,4.396240937553127,0.793256676611299,4.762755950424705,1.2614342157679372,9.97133807909652,4.6511692504568884,0.11400788417826566,8.72053174531968,0.2836491015421194,2.4124619410497976,4.6303650791114235,11.76784840608274,0.18927652683745316,2.7261667903128037,1.468531737309425,0.8805901351060124,4.679426321832353,3.9604329557251425,0.059853285579533955,0.017371671886255668,4.204197415877699,8.186965995451073,0.5321542182856462,0.8301594569966154,0.5761606226027743,4.8603330982585105,4.82001481675526,4.55740085111384,4.163890364541149,4.997410059076946,0.062066852017100715,2.7122017824795295,1.1226539076350688,7.269697121127125
31,1.0203098488907882,4.539168779589145,6.877021521089083,0.1900125458706523,3.945986675460056,3.9566898658311866,6.600366705563685,6.087388937016804,3.323779948794088,6.771803066645184,5.040381031462905,0.9490274900906777,1.4701913143822987,0.144317698715477,8.304515229988477,4.326098738071566,9.864952549628601,1.7519037276870122,5.932560303686948,1.7057947988680897,9.005286488307,4.2291953444511705,2.372730655532462,2.074667067956326,3.2519333541297275,0.02141737565937555,1.1367361356320542,6.258124934994063,1.3834665439297165,2.7077104040275914,2.4393734135232017,2.8124561098830405,7.818714636744238,1.403343649862715,11.29319393443933,11.221072490039282,2.313745382524907,1.1368447137021631,4.307146772913148,11.612871528881897,4.9568358192647395,3.518348324455566,1.0086863427597983,2.2955791416302835,3.483557152613793,2.764949985642139,4.752690498134694,2.9265149974625473,1.024270663422744,3.3215070661424138,2.358812344642493,2.1213296347650425,3.6352997599756893,3.0350557833442613,10.549037964608797,2.9480763076375287,4.0123685843901225,0.1696345802705877,0.9923654740853833,3.0746575215005705
32,3.383318366483063,0.8525373932325537,1.2725313950446895,0.82835592189204,0.47904139597828355,1.2791858215826815,12.051176854007242,5.444694527568984,2.918030022405562,3.416102165127554,6.28131414231161,4.218638070263337,2.4219412145927826,2.457526176178278,5.047080374603604,3.727101126151735,0.39955692349651933,2.582327802633725,0.21713150529941777,4.1607531533419815,6.055383844226819,4.329890430857496,5.442357010344697,0.9070219801529125,4.7981149652845625,0.7133820094694175,4.106452885237911,6.761004836285371,1.5213243254716753,7.329630613599402,1.102879583781564,2.379687998102045,1.387044928380088,6.107931284359466,2.3202831461517968,1.951573936725598,6.066727996643308,0.6614164001879973,3.324111807651908,2.4295554538232476,1.061520234841411,3.6963117606144413,0.7325504340041412,3.5164197648753697,5.130677832653666,3.7975791584226104,3.877694701331513,1.0405006823694292,5.902749851708553,2.9255105166311695,1.633111937496763,5.363983131870983,1.0263027180736182,3.067353480162943,9.789578329870173,7.718454663234305,1.4460628244597147,2.761908086192842,2.286529656026289,4.724796656958803
33,3.208692171818009,1.891418400574102,1.2695592461346814,0.5371622352572112,0.9724960869723532,9.582399509195593,6.498839824885668,6.4465871084898305,0.7674729598795369,7.115409186397985,0.5852562576522461,4.298712166967585,3.144693054568738,0.030863567534674945,3.9671892066578875,0.8584929953904694,6.540312596653615,6.257624942752238,7.596829029225802,0.07782588878244492,4.134827859488046,3.2345045329131428,1.203565191633861,1.9439693821746773,6.152358865382722,3.3770863484297036,10.803950970899699,3.740598730123276,1.9798175306841208,7.593959364267069,4.778220540885284,2.8994673208204373,6.50920433480187,13.034548381469724,8.3160661389929,2.978007449460494,1.063571947192983,4.397760353031392,1.5381334287866955,2.118996707398415,0.371864905930944,5.630726812430538,2.6306388986756017,2.854752812046188,1.6619509767013492,11.19911726253665,2.6453031446643505,0.7659589988601511,3.482185914866321,11.379852266383061,6.406376955341812,9.66207112680435,2.0870207877040365,4.714484700747715,9.636743122585285,3.3735433600710825,0.5487355041252078,3.018220862097481,2.1239559113506035,5.738290257891063
34,5.008515423090207,4.278174041175745,3.108690138892003,8.244027264493369,3.1089149761406136,2.716688338218478,2.019119676464423,2.356444971941158,11.299614530951487,1.3418980454012588,6.351583446494777,6.501909395022919,1.9373101364960394,0.8753933202832388,8.273950165878425,2.413220012554589,0.4561306659340152,5.726836718879689,5.097736833298785,0.830486395217519,3.209814030312338,4.0836280317260165,7.964267116692815,2.687627998594742,1.5422196447253036,5.494663469429661,2.2710096284448205,5.681171177729475,5.204457193002854,1.6149443191562085,4.1471654072974005,2.370523732811522,0.152978222509805,0.09122522155675392,12.22377826016295,0.11885583390568541,0.7689503637943272,6.993636956374699,14.355744759205212,2.3015278127185326,3.1762763980773934,0.5542898224605082,3.1408739429910035,5.697724116603479,2.6620765017714305,0.9260156389364972,5.537637333566754,4.825147717025784,1.8150213172187217,4.231668033851975,4.4950957808966425,6.380282082570416,1.122892919656099,2.027628903016839,5.341516534079354,1.1424677383603108,3.8622689425805152,9.753426102797754,0.7881299662552061,2.5665934527623495
35,5.299075556470939,0.4115267045084563,0.4234687341338287,0.018671927043193686,3.647196970888113,0.9024514743044878,2.316035266138202,2.1334650099558305,2.812148092694499,1.7415013582972376,6.413414897601125,1.563356581127936,3.416574130211674,1.6572757146301957,1.8486629824487077,2.4125358707039184,2.0870426851569346,4.858831522286637,0.21216791632405613,14.414461340922351,5.074682980703736,0.8513713408273681,7.175374002681667,2.4608411080583794,4.002975479661016,4.051071337616481,2.375918889897507,0.3374696911789331,4.926859859702264,1.144856030939306,3.3926450913134003,5.751722025011326,3.685064901172883,8.051551715581708,5.879684395057289,5.5450394948272566,8.398019572670318,6.193159985854448,5.235057886104816,1.957653206788836,0.9676886716707557,0.8546747750659132,7.336918248295767,1.947440277445729,1.891522889422275,5.072250409169401,0.9713773041338567,2.113206531486721,5.1863814448076155,7.274983308477778,1.1564258027983718,2.5552508154467923,5.070871565888986,0.5753023519745001,2.2113278857402814,3.5366385635966324,3.9757966720347726,1.7168217182927072,3.740446600155432,1.007315697347178
36,0.5222113430264655,5.141133929829036,3.996754174336358,5.955140187060054,6.028086614745739,8.562357855050847,9.777356258458362,1.9787781848117458,5.336708116704141,2.0073046530791507,7.479433349105414,0.5853126950329035,0.8419448935241081,3.276317261612089,2.070890258364688,4.444465161646909,1.2850871599532878,6.475334171885962,0.950284221584303,3.6886212230529263,1.1065870473273665,3.8106866225596314,3.0615989539384625,2.1763588138815453,8.524764622210526,13.933918518857409,4.812905067996031,0.16055096831332466,2.3768809859953715,12.288172640981841,0.5526385518332462,1.2487762788668237,11.145549455725172,5.009681902405102,2.0334975570538307,1.562319558158791,1.9186644643449609,6.436339440353873,4.220562883997603,6.686146680235632,3.567553381519537,3.769119795441511,1.1766450349252429,4.321127317259805,4.277925245126836,4.962430940662705,0.144098546841891,4.994454348231768,0.5910997279142761,4.23548148715809,3.393677037701922,4.960966755444844,3.3882458637665662,2.644415455538396,3.106064930361333,8.87027263391793,0.2503134955549724,6.567977977399098,1.5199616612814753,8.76067489712814
37,12.961096438466395,4.133646397460662,1.7618631191250729,2.044920302658249,9.218281889699021,3.6611595474122653,3.976448727553862,1.4918694621418658,3.858949746287923,1.3463832351746832,1.0058302021967007,2.538545580613543,2.566291484129086,1.2520978214650897,5.221389978404186,2.095320046482059,0.266546264809372,3.479984263363014,3.121768268069384,3.7252006019390387,2.436181324361241,7.264534949657017,1.670030778119537,5.01171928090306,5.410546526053324,2.374986643799826,1.5423848429814788,4.496031516696613,5.194487390270663,9.365440629813726,0.7707214700553487,4.4687491961161765,2.9177637670774237,0.11380725479102854,3.393957266023458,0.2543213770813603,2.1164572495805003,9.548010571566063,4.2982757843628665,2.2035267380708703,6.072244593417217,13.682221262594823,0.30620217182919496,8.035967632741443,5.337817159541474,1.0382151929655183,1.2036441702375198,1.2065836311461668,2.5143867706350234,4.678239929566824,1.0119154890937216,1.796779193392536,1.3372496547971913,8.4455148751956,9.885279318922766,7.991390426805179,2.5670956752241447,2.2180316102367295,0.720261697093717,5.115349871683568
38,0.6810117005078988,1.4605061705530409,5.78187641800112,3.3372994641013904,5.933416734079198,1.130254792113463,0.45966684249579676,1.211519680032249,7.462673281761683,2.7013083173699366,0.9695465285283089,5.495066279090003,4.547295391715334,1.7623218727368726,0.5910718783042913,1.493612192928866,9.26538800780366,11.571577852994722,6.4735256425197285,1.9887822920316414,0.0269856110606459,7.67536742479763,11.941514940528908,0.9501324140429412,5.857833852018757,8.274301080597828,6.990252990920683,3.1606475072009315,6.0590395714785465,10.757054205873109,3.254519352767065,4.424886823713512,3.1032284785518764,3.709082456836529,6.280869445498021,6.491454311859045,2.1581950598147275,0.8957471415827583,0.6684762106523849,1.7854434862492974,1.748721942636243,4.6912301870839785,2.8635806238752664,1.1360878330442086,0.40182062769994153,5.2022328944824725,8.148848184379258,5.274528458308047,4.0914835650259835,4.251957279315391,6.69755897302778,4.302468675992641,3.5103965480173493,1.8973799523045265,2.5146713951470763,4.599082711998809,13.264114675274747,6.561820199652861,8.062377101837683,8.294466543880588
39,0.02737836402148222,4.319485628216088,3.037498768768505,2.1942869372555895,0.817075428059416,6.899375218635973,7.387458232587756,0.36201339544079447,0.012802428148462818,2.8582867580885623,0.25479336161254845,3.1482143767696473,6.487882010497651,2.759162129167818,4.118693369857018,1.044494717670559,6.709590474455409,1.179954431361802,4.1172694954732005,2.9752773131099994,2.7284165361117396,7.299311377180108,2.6405834585370163,8.077181049772014,6.715961874310859,7.602413626856597,4.905593485638348,3.449491863292115,0.913834061871712,1.0589553727617105,6.659922177171406,6.475524480511059,7.543599059188521,8.707787641169258,2.964365396336217,5.986453983561484,0.6942200900611022,6.1510128742826895,0.8070645189701013,4.868590024223867,0.4702372751389928,6.278527872093732,4.749985246957559,1.367065090468464,3.2810616170536595,3.518507580929244,7.242874201931851,2.0541739452400396,12.57251752673132,6.2472018055878396,1.1475733876657164,1.1117977461733282,1.2634067080810918,8.149464153084892,9.873905917328798,3.8030646576735143,2.895691023198692,11.542630407677997,5.279708499209191,0.45340337473624404
