,,m/z,time,Intens.,SN,Quality Fac.,Res.,Area,Rel. Intens.,FWHM,Chi^2,Bk. Peak,name,hep/hhep,SAA/IS_SAA
2-1_0_A1_1,0,1526,0,0,0,0,0,0,0,0,0,0,2_1,0.097246725,0
2-1_0_A1_1,1,1537.103555,22321.67513,20585,16.32724924,,635.6471352,53608.58591,0.716224209,2.418171135,,0,2_1,0.097246725,0
2-1_0_A1_1,2,2790.128221,29934.11112,4247,1.968414779,,524.8107701,15251.31351,0.147767997,5.316446194,,0,2_1,0.097246725,0
2-1_0_A1_1,3,2818.813181,30085.25641,28741,24.62572459,,549.8074126,156831.1275,1,5.126910108,,0,2_1,0.097246725,0
2-1_0_A2_1,0,1526,0,0,0,0,0,0,0,0,0,0,2_1,0.090027342,0
2-1_0_A2_1,1,1537.579817,22325.07673,14321,14.04569285,,632.8610294,36662.89546,0.669612381,2.42956944,,0,2_1,0.090027342,0
2-1_0_A2_1,2,2790.488538,29936.01456,3204,1.716078795,,526.6208184,10252.54331,0.149810633,5.298857244,,0,2_1,0.090027342,0
2-1_0_A2_1,3,2818.854648,30085.47434,21387,21.18373796,,560.9455869,113882.5504,1,5.025183751,,0,2_1,0.090027342,0
2-10_0_B7_1,0,1526,0,0,0,0,0,0,0,0,0,0,2_10,0.166000859,0
2-10_0_B7_1,1,1538.384757,22330.82464,1450,6.593236239,,891.7217876,2060.5136,0.916561315,1.725184669,,0,2_10,0.166000859,0
2-10_0_B7_1,2,2791.492169,29941.31575,844,1.589069281,,322.8738494,865.7248129,0.533501896,8.645767302,,0,2_10,0.166000859,0
2-10_0_B7_1,3,2819.768293,30090.27559,1582,8.084471929,,538.1970381,5215.18273,1,5.239286161,,0,2_10,0.166000859,0
2-10_0_B8_1,0,1526,0,0,0,0,0,0,0,0,0,0,2_10,0.163619615,0
2-10_0_B8_1,1,1538.369522,22330.71586,2099,8.535210656,,661.3323342,3619.072025,0.811992263,2.326167106,,0,2_10,0.163619615,0
2-10_0_B8_1,2,2791.594349,29941.85541,1077,2.194314003,,571.9321069,1747.228588,0.416634429,4.880989046,,0,2_10,0.163619615,0
2-10_0_B8_1,3,2819.775239,30090.31209,2585,11.88189422,,585.6462227,10678.60101,1,4.814809915,,0,2_10,0.163619615,0
2-11_0_G5_1,0,1526,0,0,0,0,0,0,0,0,0,0,2_11,0.225639485,0
2-11_0_G5_1,1,1538.56039,22332.07859,4050,14.92429692,,915.5616575,7968.874524,1,1.680455246,,0,2_11,0.225639485,0
2-11_0_G5_1,2,2791.223335,29939.89586,1145,2.180461046,,538.9222478,2680.692913,0.282716049,5.17926908,,0,2_11,0.225639485,0
2-11_0_G5_1,3,2820.206535,30092.5783,2923,13.45488843,,554.0709509,11880.42473,0.721728395,5.089973641,,0,2_11,0.225639485,0
2-11_0_G6_1,0,1526,0,0,0,0,0,0,0,0,0,0,2_11,0.192400802,0
2-11_0_G6_1,1,1538.586918,22332.26798,3541,14.00341798,,931.8641464,6742.512315,1,1.651085004,,0,2_11,0.192400802,0
2-11_0_G6_1,2,2792.468875,29946.4738,1107,2.732112716,,674.9774612,2127.238556,0.312623553,4.137129068,,0,2_11,0.192400802,0
2-11_0_G6_1,3,2820.097854,30092.00726,2712,14.55782018,,615.5792086,11056.28735,0.765885343,4.58121037,,0,2_11,0.192400802,0
2-2_0_A3_1,0,1526,0,0,0,0,0,0,0,0,0,0,2_2,0,0
2-2_0_A3_1,1,1537.624301,22325.39442,10559,12.81846427,,637.2490304,24912.43535,0.601892493,2.412909597,,0,2_2,0,0
2-2_0_A3_1,2,2791,0,0,0,0,0,0,0,0,0,0,2_2,0,0
2-2_0_A3_1,3,2818.830719,30085.34858,17543,18.31737807,,545.5872975,90717.74109,1,5.166598877,,0,2_2,0,0
2-2_0_A4_1,0,1526,0,0,0,0,0,0,0,0,0,0,2_2,0,0
2-2_0_A4_1,1,1537.240565,22322.65375,10086,11.5166881,,631.5714395,24175.61229,0.604277754,2.433993162,,0,2_2,0,0
2-2_0_A4_1,2,2791,0,0,0,0,0,0,0,0,0,0,2_2,0,0
2-2_0_A4_1,3,2818.853323,30085.46738,16691,16.61003578,,540.3106078,86532.78012,1,5.217097874,,0,2_2,0,0
2-3_0_A5_1,0,1521.773409,22211.89705,1826,1.244715323,,370.0767186,1530.702838,0.142678544,4.112048482,,0,2_3,0.176826231,0.094253265
2-3_0_A5_1,1,1537.322913,22323.24192,7099,14.01749858,,646.6198609,16240.31636,0.554696046,2.377475556,,0,2_3,0.176826231,0.094253265
2-3_0_A5_1,2,2790.721673,29937.24607,4255,3.179705908,,524.809417,10796.78759,0.332473824,5.317590696,,0,2_3,0.176826231,0.094253265
2-3_0_A5_1,3,2819.017415,30086.32974,12798,16.67339516,,552.1252763,61058.74406,1,5.105756856,,0,2_3,0.176826231,0.094253265
2-3_0_A6_1,0,1521.741881,22211.6707,1991,1.030688331,,344.2951359,1707.906154,0.12850965,4.419876213,,0,2_3,0.177553901,0.089364375
2-3_0_A6_1,1,1537.368082,22323.56452,8115,13.28095071,,625.4007139,19111.71162,0.523784935,2.458212867,,0,2_3,0.177553901,0.089364375
2-3_0_A6_1,2,2790.775236,29937.529,4945,2.866868458,,489.2525201,13566.641,0.319176402,5.704161187,,0,2_3,0.177553901,0.089364375
2-3_0_A6_1,3,2819.047229,30086.48643,15493,16.03137424,,532.5834815,76408.57762,1,5.293155584,,0,2_3,0.177553901,0.089364375
2-4_0_A7_1,0,1526,0,0,0,0,0,0,0,0,0,0,2_4,0.078588062,0
2-4_0_A7_1,1,1537.387106,22323.7004,6174,13.86518903,,648.4852069,14904.95665,0.624709096,2.370735816,,0,2_4,0.078588062,0
2-4_0_A7_1,2,2790.3811,29935.44701,1735,1.895027151,,565.7076141,4030.560071,0.175553982,4.932550015,,0,2_4,0.078588062,0
2-4_0_A7_1,3,2818.968475,30086.07255,9883,25.43563653,,554.6292475,51287.17992,1,5.082617781,,0,2_4,0.078588062,0
2-4_0_A8_1,0,1526,0,0,0,0,0,0,0,0,0,0,2_4,0.077514497,0
2-4_0_A8_1,1,1537.937214,22327.62901,5162,11.60785206,,659.1444306,11220.75362,0.673538622,2.333232509,,0,2_4,0.077514497,0
2-4_0_A8_1,2,2790.835256,29937.84604,1446,1.422348667,,511.6281214,2967.521834,0.188674322,5.454812078,,0,2_4,0.077514497,0
2-4_0_A8_1,3,2819.15532,30087.05447,7664,19.79022101,,567.1232781,38283.44299,1,4.97097444,,0,2_4,0.077514497,0
2-5_0_A10_1,0,1522.071723,22214.03857,1352,1.391376459,,615.5057519,763.5354442,0.173489029,2.472879772,,0,2_5,0.103842662,0.05205747
2-5_0_A10_1,1,1538.032234,22328.30753,6024,18.34604396,,635.414695,14667.16383,0.773001412,2.420517256,,0,2_5,0.103842662,0.05205747
2-5_0_A10_1,2,2791.145128,29939.48278,1660,2.721669851,,592.315773,4133.309474,0.213011677,4.712258655,,0,2_5,0.103842662,0.05205747
2-5_0_A10_1,3,2819.327893,30087.96136,7793,27.41636537,,547.8068573,39803.57769,1,5.14657284,,0,2_5,0.103842662,0.05205747
2-5_0_A9_1,0,1522.028099,22213.72542,1149,1.27607163,,629.2043665,588.0372224,0.181287472,2.418972563,,0,2_5,0.104796456,0.055011076
2-5_0_A9_1,1,1538.065979,22328.54849,4781,17.7517522,,656.2150801,10689.43322,0.754338908,2.343844305,,0,2_5,0.104796456,0.055011076
2-5_0_A9_1,2,2791.072468,29939.099,1428,2.625881703,,596.4261015,3299.822042,0.225307668,4.679661841,,0,2_5,0.104796456,0.055011076
2-5_0_A9_1,3,2819.275216,30087.68454,6338,26.1567851,,567.1422472,31487.91631,1,4.971019581,,0,2_5,0.104796456,0.055011076
2-6_0_A11_1,0,1522.025081,22213.70375,1236,1.204189747,,430.4054141,886.6912557,0.146532306,3.536259143,,0,2_6,0.296998297,0.075479415
2-6_0_A11_1,1,1538.187224,22329.41423,5036,17.45633843,,612.1158971,11747.45792,0.597036159,2.512901938,,0,2_6,0.296998297,0.075479415
2-6_0_A11_1,2,2791.640381,29942.09853,3157,8.344997723,,536.5396929,13306.1314,0.374273859,5.2030454,,0,2_6,0.296998297,0.075479415
2-6_0_A11_1,3,2819.654734,30089.67887,8435,30.07625067,,533.8405095,44802.04611,1,5.281829841,,0,2_6,0.296998297,0.075479415
2-6_0_A12_1,0,1522.098164,22214.22837,1307,1.427765676,,487.2137518,984.351262,0.155929372,3.124087033,,0,2_6,0.291659453,0.082441385
2-6_0_A12_1,1,1538.139289,22329.07196,5330,18.05536464,,631.6658066,11940.01358,0.635886423,2.435052322,,0,2_6,0.291659453,0.082441385
2-6_0_A12_1,2,2791.465099,29941.17278,3056,8.125306975,,544.4834962,12382.64069,0.36459079,5.12681306,,0,2_6,0.291659453,0.082441385
2-6_0_A12_1,3,2819.622165,30089.50773,8382,30.53298585,,568.7377414,42455.81807,1,4.957684289,,0,2_6,0.291659453,0.082441385
2-7_0_B1_1,0,1526,0,0,0,0,0,0,0,0,0,0,2_7,0.073762299,0
2-7_0_B1_1,1,1538.165843,22329.26157,5572,13.65181948,,673.0273403,12220.35254,0.800114877,2.285443326,,0,2_7,0.073762299,0
2-7_0_B1_1,2,2790.958663,29938.49788,1387,1.91431618,,558.0110565,2477.1281,0.199167145,5.001618929,,0,2_7,0.073762299,0
2-7_0_B1_1,3,2819.500534,30088.86858,6964,26.78859052,,554.7990515,33582.57714,1,5.082021186,,0,2_7,0.073762299,0
2-7_0_B2_1,0,1526,0,0,0,0,0,0,0,0,0,0,2_7,0.075888854,0
2-7_0_B2_1,1,1538.191455,22329.44445,4565,14.26510972,,674.7480003,9761.280259,0.863928842,2.279653226,,0,2_7,0.075888854,0
2-7_0_B2_1,2,2790.574914,29936.47083,1177,1.750736365,,471.3479229,1941.191339,0.222747918,5.920414153,,0,2_7,0.075888854,0
2-7_0_B2_1,3,2819.474326,30088.73086,5284,23.81551315,,556.5639954,25579.39979,1,5.065858283,,0,2_7,0.075888854,0
2-8_0_B3_1,0,1526,0,0,0,0,0,0,0,0,0,0,2_8,0.15644981,0
2-8_0_B3_1,1,1538.314297,22330.32156,2309,8.424247809,,657.9479562,4026.45051,0.80034662,2.338048599,,0,2_8,0.15644981,0
2-8_0_B3_1,2,2791.630796,29942.04791,1058,1.902467903,,592.5076084,1942.0825,0.366724437,4.711552656,,0,2_8,0.15644981,0
2-8_0_B3_1,3,2819.74362,30090.14594,2885,14.21800527,,607.5372428,12413.45385,1,4.641268751,,0,2_8,0.15644981,0
2-8_0_B4_1,0,1526,0,0,0,0,0,0,0,0,0,0,2_8,0.142228347,0
2-8_0_B4_1,1,1538.299926,22330.21894,2750,12.00148,,672.215097,5095.154125,0.894308943,2.288404311,,0,2_8,0.142228347,0
2-8_0_B4_1,2,2790.93615,29938.37897,1047,1.994868722,,528.775998,1861.98653,0.340487805,5.278106724,,0,2_8,0.142228347,0
2-8_0_B4_1,3,2819.682378,30089.82413,3075,17.58345136,,581.6717721,13091.52901,1,4.847548932,,0,2_8,0.142228347,0
2-9_0_B5_1,0,1522.350038,22216.03633,869,1.081121622,,601.5417923,386.8030348,0.253500583,2.53074692,,0,2_9,0.309795366,0.08784917
2-9_0_B5_1,1,1538.402876,22330.954,2334,11.20627722,,634.9852057,4403.035728,0.680863477,2.42273814,,0,2_9,0.309795366,0.08784917
2-9_0_B5_1,2,2791.982275,29943.90415,1597,5.698544723,,592.4705028,4734.443895,0.465869312,4.712440977,,0,2_9,0.309795366,0.08784917
2-9_0_B5_1,3,2819.825875,30090.57816,3428,18.22035842,,589.7306953,15282.4878,1,4.781548421,,0,2_9,0.309795366,0.08784917
2-9_0_B6_1,0,1522.424201,22216.56865,846,1.000114382,,433.2020332,408.0438054,0.221176471,3.514351468,,0,2_9,0.329542651,0.083001728
2-9_0_B6_1,1,1538.342106,22330.52011,2614,13.31882751,,673.5517507,4916.088102,0.683398693,2.283925629,,0,2_9,0.329542651,0.083001728
2-9_0_B6_1,2,2791.484629,29941.27593,1719,5.953000268,,520.4954157,5903.986148,0.449411765,5.363130096,,0,2_9,0.329542651,0.083001728
2-9_0_B6_1,3,2819.700131,30089.91742,3825,19.09646449,,568.3835944,17915.69659,1,4.960910481,,0,2_9,0.329542651,0.083001728
3-1_0_B10_1,0,1526,0,0,0,0,0,0,0,0,0,0,3_1,0.248086374,0
3-1_0_B10_1,1,1538.489529,22331.57267,3119,9.481054098,,828.7261315,6224.569328,0.88582789,1.856451088,,0,3_1,0.248086374,0
3-1_0_B10_1,2,2792.234336,29945.23526,1562,3.514755417,,510.6974948,3931.392792,0.44362397,5.467491742,,0,3_1,0.248086374,0
3-1_0_B10_1,3,2819.991792,30091.44997,3521,14.10029156,,552.100013,15846.87112,1,5.107755345,,0,3_1,0.248086374,0
3-1_0_B9_1,0,1526,0,0,0,0,0,0,0,0,0,0,3_1,0.248012339,0
3-1_0_B9_1,1,1538.473049,22331.45502,2545,8.562129228,,865.6007521,4586.36581,0.880622837,1.777347173,,0,3_1,0.248012339,0
3-1_0_B9_1,2,2791.919282,29943.57147,1434,3.837514706,,732.85987,3057.943243,0.496193772,3.80962227,,0,3_1,0.248012339,0
3-1_0_B9_1,3,2819.856578,30090.73949,2890,13.48739402,,552.80405,12329.80286,1,5.101005642,,0,3_1,0.248012339,0
3-2_0_B11_1,0,1522.445911,22216.72447,1004,1.023252561,,366.9609649,547.0268173,0.338388945,4.148795258,,0,3_2,0,0.1028791
3-2_0_B11_1,1,1538.535184,22331.89863,2826,10.89987402,,650.2358372,5317.181214,0.95247725,2.366118715,,0,3_2,0,0.1028791
3-2_0_B11_1,2,2791,0,0,0,0,0,0,0,0,0,0,3_2,0,0.1028791
3-2_0_B11_1,3,2820.054291,30091.77836,2967,9.611198859,,567.3319829,11908.24159,1,4.970730323,,0,3_2,0,0.1028791
3-2_0_B12_1,0,1522.413923,22216.49488,1228,1.204973609,,468.4995905,890.8840009,0.265973576,3.249552303,,0,3_2,0,0.098664007
3-2_0_B12_1,1,1538.435631,22331.18787,4329,12.70625108,,671.5344871,9029.473111,0.937621832,2.290925725,,0,3_2,0,0.098664007
3-2_0_B12_1,2,2791,0,0,0,0,0,0,0,0,0,0,3_2,0,0.098664007
3-2_0_B12_1,3,2820.026546,30091.63258,4617,10.86966368,,553.5480307,20200.05709,1,5.094456831,,0,3_2,0,0.098664007
3-3_0_C1_1,0,1522.388961,22216.31571,1223,1.45801309,,525.9944213,737.2817206,0.283429896,2.894306289,,0,3_3,0.417822084,0.081693656
3-3_0_C1_1,1,1538.432901,22331.16837,4315,15.45442181,,642.660329,9024.9568,1,2.393850735,,0,3_3,0.417822084,0.081693656
3-3_0_C1_1,2,2791.870539,29943.31406,2067,5.678910364,,544.9274066,6999.543326,0.479026651,5.123380665,,0,3_3,0.417822084,0.081693656
3-3_0_C1_1,3,2820.028564,30091.64318,3756,14.43712661,,554.8597826,16752.44939,0.870451912,5.082416589,,0,3_3,0.417822084,0.081693656
3-3_0_C2_1,0,1522.198924,22214.95165,1204,1.547075575,,582.2275123,837.665143,0.293015332,2.614440046,,0,3_3,0.444190463,0.099619424
3-3_0_C2_1,1,1538.481221,22331.51336,4109,15.33037231,,658.4722237,8408.65272,1,2.336440575,,0,3_3,0.444190463,0.099619424
3-3_0_C2_1,2,2792.173489,29944.91394,2211,6.525313734,,571.4883536,7194.683701,0.538087126,4.885792461,,0,3_3,0.444190463,0.099619424
3-3_0_C2_1,3,2820.053748,30091.77551,3781,14.75892489,,560.8760446,16197.29439,0.920175225,5.027944722,,0,3_3,0.444190463,0.099619424
3-4_0_C3_1,0,1526,0,0,0,0,0,0,0,0,0,0,3_4,0.243929278,0
3-4_0_C3_1,1,1538.529938,22331.86118,2271,9.313952798,,678.1468695,3905.816639,0.924674267,2.268726741,,0,3_4,0.243929278,0
3-4_0_C3_1,2,2791.511083,29941.41564,1219,2.100744832,,323.6299487,2279.671998,0.496335505,8.625626563,,0,3_4,0.243929278,0
3-4_0_C3_1,3,2819.86466,30090.78196,2456,9.894628397,,554.6037659,9345.626785,1,5.084467206,,0,3_4,0.243929278,0
3-4_0_C4_1,0,1526,0,0,0,0,0,0,0,0,0,0,3_4,0.247390403,0
3-4_0_C4_1,1,1538.534166,22331.89136,2873,10.63288608,,636.138107,5105.225047,0.963124371,2.41855369,,0,3_4,0.247390403,0
3-4_0_C4_1,2,2791.545513,29941.59749,1453,2.618034634,,447.1618292,3000.885203,0.48709353,6.242808153,,0,3_4,0.247390403,0
3-4_0_C4_1,3,2820.220338,30092.65082,2983,11.07690633,,567.9752674,12130.16014,1,4.965392861,,0,3_4,0.247390403,0
3-5_0_C5_1,0,1522.433158,22216.63294,1176,1.750928427,,461.5887938,953.6085593,0.279334917,3.298245492,,0,3_5,0.215467879,0.104037967
3-5_0_C5_1,1,1538.557695,22332.05935,4210,16.99553655,,650.7974858,9165.966865,1,2.364111308,,0,3_5,0.215467879,0.104037967
3-5_0_C5_1,2,2791.675355,29942.28324,1511,3.920213944,,623.4722974,3332.641968,0.358907363,4.477625336,,0,3_5,0.215467879,0.104037967
3-5_0_C5_1,3,2820.100775,30092.0226,3486,17.56898835,,555.2749082,15467.00128,0.828028504,5.078747002,,0,3_5,0.215467879,0.104037967
3-5_0_C6_1,0,1522.246461,22215.29287,1062,1.643397905,,565.2896156,628.3040006,0.273429454,2.692861179,,0,3_5,0.189416127,0.077954778
3-5_0_C6_1,1,1538.573717,22332.17374,3884,17.94920694,,663.8464499,8059.852319,1,2.317665053,,0,3_5,0.189416127,0.077954778
3-5_0_C6_1,2,2792.457798,29946.4153,1419,3.835473594,,545.8319374,2992.588698,0.365345005,5.115966301,,0,3_5,0.189416127,0.077954778
3-5_0_C6_1,3,2820.27805,30092.95405,3571,19.27851139,,544.6801713,15799.01744,0.919412976,5.177860694,,0,3_5,0.189416127,0.077954778
3-6_0_C7_1,0,1522.63337,22218.06991,1047,1.36042635,,572.7407307,597.3416695,0.260382989,2.658503732,,0,3_6,0.361811293,0.082176331
3-6_0_C7_1,1,1538.626894,22332.55339,3453,13.90980404,,679.9266169,7269.023332,0.858741607,2.262930817,,0,3_6,0.361811293,0.082176331
3-6_0_C7_1,2,2792.019224,29944.09928,1829,6.169211033,,520.1644105,6910.978944,0.454861975,5.367570652,,0,3_6,0.361811293,0.082176331
3-6_0_C7_1,3,2820.232193,30092.71311,4021,20.18903072,,577.95185,19101.05924,1,4.879700953,,0,3_6,0.361811293,0.082176331
3-6_0_C8_1,0,1522.412527,22216.48485,1206,1.621373904,,458.9297573,954.6788153,0.237074897,3.317310553,,0,3_6,0.348468732,0.090929634
3-6_0_C8_1,1,1538.616772,22332.48112,4824,18.86982146,,672.2982266,10499.09448,0.948299587,2.288592639,,0,3_6,0.348468732,0.090929634
3-6_0_C8_1,2,2792.081536,29944.42835,2358,8.612738055,,574.4622367,8515.413306,0.4635345,4.860339562,,0,3_6,0.348468732,0.090929634
3-6_0_C8_1,3,2820.164642,30092.35818,5087,25.60202441,,575.3306413,24436.66399,1,4.901815478,,0,3_6,0.348468732,0.090929634
3-7_0_C10_1,0,1526,0,0,0,0,0,0,0,0,0,0,3_7,0.235226226,0
3-7_0_C10_1,1,1538.17713,22329.34216,5144,10.28777172,,608.0932157,11504.91682,0.937659497,2.529508783,,0,3_7,0.235226226,0
3-7_0_C10_1,2,2792.484944,29946.55865,2124,3.766060594,,527.7389525,6431.592902,0.387167335,5.291413359,,0,3_7,0.235226226,0
3-7_0_C10_1,3,2820.43874,30093.79832,5486,17.20965873,,547.4832123,27342.1591,1,5.151644246,,0,3_7,0.235226226,0
3-7_0_C9_1,0,1526,0,0,0,0,0,0,0,0,0,0,3_7,0.250322367,0
3-7_0_C9_1,1,1538.657558,22332.7723,4228,9.842718534,,631.6018039,8478.307401,1,2.436119638,,0,3_7,0.250322367,0
3-7_0_C9_1,2,2792.436221,29946.30136,1768,3.655592394,,546.4916693,4704.629192,0.418164617,5.109750757,,0,3_7,0.250322367,0
3-7_0_C9_1,3,2820.35164,30093.3407,4119,15.85762647,,541.1774515,18794.28212,0.974219489,5.21150989,,0,3_7,0.250322367,0
4-10_0_C11_1,0,1522.606409,22217.87641,1219,1.630464515,,599.6074641,770.4849586,0.296738072,2.539338651,,0,4_10,0.084411858,0.092905352
4-10_0_C11_1,1,1538.551828,22332.01746,4108,15.33327057,,673.2605893,8293.224647,1,2.285224849,,0,4_10,0.084411858,0.092905352
4-10_0_C11_1,2,2791.619102,29941.98615,1126,1.860998191,,531.4153269,1452.532635,0.274099318,5.25317762,,0,4_10,0.084411858,0.092905352
4-10_0_C11_1,3,2820.123933,30092.14428,3906,23.48223013,,601.2892674,17207.68459,0.950827653,4.690128505,,0,4_10,0.084411858,0.092905352
4-10_0_C12_1,0,1522.470107,22216.89813,1348,1.675217483,,535.4317369,1112.676306,0.274039439,2.843443901,,0,4_10,0.09523087,0.101012272
4-10_0_C12_1,1,1538.480882,22331.51094,4910,15.91732224,,666.1871198,11015.25871,0.99817036,2.309382508,,0,4_10,0.09523087,0.101012272
4-10_0_C12_1,2,2791.865339,29943.2866,1259,2.09587833,,345.3932756,2308.165042,0.255946331,8.083149084,,0,4_10,0.09523087,0.101012272
4-10_0_C12_1,3,2820.1055,30092.04743,4919,26.0491012,,560.7666259,24237.57176,1,5.02901808,,0,4_10,0.09523087,0.101012272
4-11_0_E5_1,0,1526,0,0,0,0,0,0,0,0,0,0,4_11,0.147985681,0
4-11_0_E5_1,1,1538.717545,22333.20056,2343,9.702752429,,881.8681841,3982.782996,1,1.744838484,,0,4_11,0.147985681,0
4-11_0_E5_1,2,2790.887018,29938.11945,955,1.1603534,,306.1004801,1322.726206,0.407597098,9.117551913,,0,4_11,0.147985681,0
4-11_0_E5_1,3,2820.345881,30093.31043,2319,11.36962379,,529.0622269,8938.203993,0.989756722,5.33083962,,0,4_11,0.147985681,0
4-11_0_E6_1,0,1526,0,0,0,0,0,0,0,0,0,0,4_11,0.132502545,0
4-11_0_E6_1,1,1538.726311,22333.26314,1877,7.979250498,,927.6088468,2839.109838,0.775619835,1.658809439,,0,4_11,0.132502545,0
4-11_0_E6_1,2,2791.715408,29942.49477,846,1.016997698,,185.4171275,1329.274234,0.349586777,15.05640523,,0,4_11,0.132502545,0
4-11_0_E6_1,3,2820.388482,30093.53426,2420,12.38044997,,588.3500015,10032.06565,1,4.79372563,,0,4_11,0.132502545,0
4-12_0_E7_1,0,1522.498524,22217.1021,870,1.423715623,,467.4058223,533.5314593,0.343466246,3.257337524,,0,4_12,0.450365811,0.122084485
4-12_0_E7_1,1,1538.720337,22333.22049,2363,11.72844857,,906.4693206,4370.182317,0.932885906,1.697487496,,0,4_12,0.450365811,0.122084485
4-12_0_E7_1,2,2792.728644,29947.8455,1484,6.660527367,,570.280082,4528.220556,0.585866561,4.897117631,,0,4_12,0.450365811,0.122084485
4-12_0_E7_1,3,2820.833416,30095.87187,2533,15.73682981,,630.2479193,10054.53887,1,4.475752049,,0,4_12,0.450365811,0.122084485
4-12_0_E8_1,0,1526,0,0,0,0,0,0,0,0,0,0,4_12,0.456101404,0
4-12_0_E8_1,1,1538.667524,22332.84345,1396,6.485527293,,644.3192306,2104.067143,0.563357546,2.388051529,,0,4_12,0.456101404,0
4-12_0_E8_1,2,2792.078207,29944.41077,1434,7.894104362,,560.7876098,4983.230522,0.578692494,4.978851456,,0,4_12,0.456101404,0
4-12_0_E8_1,3,2820.202781,30092.55857,2478,18.50622155,,591.6642592,10925.70747,1,4.766559307,,0,4_12,0.456101404,0
4-13_0_E10_1,0,1522.77841,22219.11085,875,1.082703208,,314.6161618,395.2683255,0.262999699,4.840115019,,0,4_13,0.056345147,0.107407833
4-13_0_E10_1,1,1538.607691,22332.41629,2075,9.100711422,,659.1643792,3680.069831,0.623685002,2.334179059,,0,4_13,0.056345147,0.107407833
4-13_0_E10_1,2,2791.404093,29940.85057,857,1.122069796,,257.3256566,889.2449744,0.25758942,10.84774884,,0,4_13,0.056345147,0.107407833
4-13_0_E10_1,3,2820.168495,30092.37842,3327,22.52663582,,577.1204753,15782.10404,1,4.886620066,,0,4_13,0.056345147,0.107407833
4-13_0_E9_1,0,1522.694788,22218.51071,963,1.243276407,,640.027022,642.7940545,0.299533437,2.379110156,,0,4_13,0.079152525,0.118314213
4-13_0_E9_1,1,1538.736926,22333.33892,2948,12.45821096,,882.8029599,5432.940301,0.916951788,1.743012875,,0,4_13,0.079152525,0.118314213
4-13_0_E9_1,2,2791.809648,29942.99248,923,1.401385271,,361.0018486,1098.421398,0.287091757,7.733505131,,0,4_13,0.079152525,0.118314213
4-13_0_E9_1,3,2820.29359,30093.03569,3215,20.41770903,,564.3268316,13877.27555,1,4.997624483,,0,4_13,0.079152525,0.118314213
4-2_0_D1_1,0,1522.525815,22217.29798,1366,1.456747344,,608.6165293,1026.362808,0.238186574,2.50161759,,0,4_2,0.114368305,0.081027833
4-2_0_D1_1,1,1538.440943,22331.22579,5735,17.56290618,,672.8855939,12666.79324,1,2.286333601,,0,4_2,0.114368305,0.081027833
4-2_0_D1_1,2,2791.931208,29943.63446,1441,2.534830389,,520.0258152,2595.496684,0.251264167,5.368831943,,0,4_2,0.114368305,0.081027833
4-2_0_D1_1,3,2820.033553,30091.6694,4931,23.99538678,,543.8979053,22694.1956,0.859808195,5.184858272,,0,4_2,0.114368305,0.081027833
4-2_0_D2_1,0,1522.409638,22216.46412,1080,1.065194682,,438.9836769,570.4743798,0.295728368,3.468032454,,0,4_2,0.10984378,0.080050127
4-2_0_D2_1,1,1538.505756,22331.68853,3652,12.12448448,,677.5740461,7126.464352,1,2.270609042,,0,4_2,0.10984378,0.080050127
4-2_0_D2_1,2,2792.060141,29944.31536,1080,1.503290007,,476.7618397,1609.072318,0.295728368,5.856299537,,0,4_2,0.10984378,0.080050127
4-2_0_D2_1,3,2820.048107,30091.74587,3349,16.44372663,,570.2047279,14648.73404,0.917031763,4.945676471,,0,4_2,0.10984378,0.080050127
4-3_0_D3_1,0,1526,0,0,0,0,0,0,0,0,0,0,4_3,0,0
4-3_0_D3_1,1,1538.54593,22331.97535,4610,18.23646271,,879.9086266,9688.200174,1,1.748529204,,0,4_3,0,0
4-3_0_D3_1,2,2791,0,0,0,0,0,0,0,0,0,0,4_3,0,0
4-3_0_D3_1,3,2820.242066,30092.76498,4449,17.73701269,,572.7344352,19131.11984,0.965075922,4.924170597,,0,4_3,0,0
4-3_0_D4_1,0,1526,0,0,0,0,0,0,0,0,0,0,4_3,0,0
4-3_0_D4_1,1,1538.529699,22331.85947,3109,16.33145875,,925.0082876,5921.674696,1,1.663260448,,0,4_3,0,0
4-3_0_D4_1,2,2791,0,0,0,0,0,0,0,0,0,0,4_3,0,0
4-3_0_D4_1,3,2819.897106,30090.95244,2608,12.62649257,,554.8285289,10243.25892,0.838854937,5.082465949,,0,4_3,0,0
4-4_0_D5_1,0,1522.604685,22217.86404,898,1.120044347,,439.7311808,504.4900466,0.377628259,3.462580667,,0,4_4,0.408168107,0.157359116
4-4_0_D5_1,1,1538.63331,22332.59919,1937,7.519589681,,658.9756005,3205.979157,0.814550042,2.334886617,,0,4_4,0.408168107,0.157359116
4-4_0_D5_1,2,2792.047357,29944.24785,1397,3.886896423,,541.053422,3734.18411,0.587468461,5.160391273,,0,4_4,0.408168107,0.157359116
4-4_0_D5_1,3,2820.062276,30091.82032,2378,10.12369631,,601.855223,9148.64255,1,4.685615691,,0,4_4,0.408168107,0.157359116
4-4_0_D6_1,0,1526,0,0,0,0,0,0,0,0,0,0,4_4,0.430935549,0
4-4_0_D6_1,1,1538.670075,22332.86166,2158,7.72003314,,890.5793671,3466.96967,0.792799412,1.72771808,,0,4_4,0.430935549,0
4-4_0_D6_1,2,2792.205497,29945.08297,1539,3.820690024,,644.969087,4324.438642,0.565393093,4.329208257,,0,4_4,0.430935549,0
4-4_0_D6_1,3,2820.501074,30094.12582,2722,10.21878671,,621.8447559,10035.00094,1,4.535699702,,0,4_4,0.430935549,0
4-5_0_D7_1,0,1522.602246,22217.84654,1064,1.061831916,,311.0426821,667.3791937,0.308853411,4.89515534,,0,4_5,0.275346803,0.101196039
4-5_0_D7_1,1,1538.64686,22332.69593,3445,11.38092658,,668.9844537,6594.914164,1,2.299974016,,0,4_5,0.275346803,0.101196039
4-5_0_D7_1,2,2792.425429,29946.24438,1326,3.136745907,,502.4511718,3306.522441,0.38490566,5.557605566,,0,4_5,0.275346803,0.101196039
4-5_0_D7_1,3,2820.345457,30093.30821,2981,14.39008598,,582.0441233,12008.57392,0.865312046,4.845587033,,0,4_5,0.275346803,0.101196039
4-5_0_D8_1,0,1522.751859,22218.9203,1083,1.012250646,,514.6470491,550.9043996,0.272178939,2.958827534,,0,4_5,0.26792611,0.072154284
4-5_0_D8_1,1,1538.652682,22332.73749,3979,14.29926788,,909.7038791,7635.089273,1,1.69137751,,0,4_5,0.26792611,0.072154284
4-5_0_D8_1,2,2792.279147,29945.47191,1411,3.799333354,,503.0074828,3616.268167,0.354611711,5.551168209,,0,4_5,0.26792611,0.072154284
4-5_0_D8_1,3,2820.287349,30093.00291,3222,17.07140826,,616.2289752,13497.25923,0.809751194,4.57668734,,0,4_5,0.26792611,0.072154284
4-6_0_D10_1,0,1526,0,0,0,0,0,0,0,0,0,0,4_6,0.12565025,0
4-6_0_D10_1,1,1538.739739,22333.359,1885,8.949125521,,655.888603,3023.236625,0.670818505,2.346038232,,0,4_6,0.12565025,0
4-6_0_D10_1,2,2792.28204,29945.48718,882,2.019712788,,442.9003425,1490.341516,0.313879004,6.304538001,,0,4_6,0.12565025,0
4-6_0_D10_1,3,2820.295189,30093.0441,2810,20.71799533,,596.8957609,11861.03101,1,4.724937542,,0,4_6,0.12565025,0
4-6_0_D9_1,0,1526,0,0,0,0,0,0,0,0,0,0,4_6,0.1221298,0
4-6_0_D9_1,1,1538.694951,22333.03926,3884,14.34734859,,897.1499431,7450.205897,0.825680272,1.715092291,,0,4_6,0.1221298,0
4-6_0_D9_1,2,2792.182037,29944.95909,1163,2.361483458,,477.1204945,2656.556783,0.247236395,5.852152799,,0,4_6,0.1221298,0
4-6_0_D9_1,3,2820.336685,30093.26212,4704,24.74882227,,536.1886164,21751.9129,1,5.25997121,,0,4_6,0.1221298,0
4-7_0_D11_1,0,1522.726547,22218.73864,973,1.434236137,,699.0394075,533.3480462,0.254312598,2.178312883,,0,4_7,0.355552462,0.084737742
4-7_0_D11_1,1,1538.734746,22333.32336,3218,16.25377648,,817.6042759,6294.102661,0.841087297,1.882004279,,0,4_7,0.355552462,0.084737742
4-7_0_D11_1,2,2792.889253,29948.69356,1903,8.344152641,,553.0589803,6186.015013,0.497386304,5.049894049,,0,4_7,0.355552462,0.084737742
4-7_0_D11_1,3,2820.341995,30093.29002,3826,23.38152634,,557.9571234,17398.31858,1,5.054764742,,0,4_7,0.355552462,0.084737742
4-7_0_D12_1,0,1522.564476,22217.57545,1297,1.776997159,,612.3007334,1279.902583,0.274033383,2.486628535,,0,4_7,1.170283542,2.273906791
4-7_0_D12_1,1,1529.077549,22264.2708,1155,1.127020168,,1238.40022,562.8650163,0.24403127,1.234720024,,0,4_7,1.170283542,2.273906791
4-7_0_D12_1,2,1538.560968,22332.08272,4374,15.49485352,,599.6707499,10119.67998,0.924149588,2.565676195,,0,4_7,1.170283542,2.273906791
4-7_0_D12_1,3,2792.249765,29945.31675,2288,7.624411284,,566.6815295,8647.20354,0.483414325,4.927370348,,0,4_7,1.170283542,2.273906791
4-7_0_D12_1,4,2820.382045,30093.50044,4733,22.17761402,,534.9587221,24138.55044,1,5.272148913,,0,4_7,1.170283542,2.273906791
4-8_0_E1_1,0,1522.341847,22215.97754,1456,1.079185182,,401.7245556,795.9333024,0.217054264,3.789516538,,0,4_8,0,0.048889048
4-8_0_E1_1,1,1537.949367,22327.71579,6708,15.68647856,,634.6827979,16280.40095,1,2.423177959,,0,4_8,0,0.048889048
4-8_0_E1_1,2,2791,0,0,0,0,0,0,0,0,0,0,4_8,0,0.048889048
4-8_0_E1_1,3,2820.119273,30092.1198,5250,12.0829475,,545.7934121,22999.92007,0.782647585,5.167008636,,0,4_8,0,0.048889048
4-8_0_E2_1,0,1522.648316,22218.17718,1062,1.116982638,,345.2090922,443.6658515,0.279768177,4.410800152,,0,4_8,0,0.058376971
4-8_0_E2_1,1,1538.604594,22332.39418,3796,14.4282095,,836.05308,7600.014959,1,1.84031927,,0,4_8,0,0.058376971
4-8_0_E2_1,2,2791,0,0,0,0,0,0,0,0,0,0,4_8,0,0.058376971
4-8_0_E2_1,3,2820.207849,30092.5852,3036,11.71862861,,538.709456,11555.2534,0.799789252,5.235118518,,0,4_8,0,0.058376971
4-9_0_E3_1,0,1522.486453,22217.01546,1063,1.431029024,,519.4007955,524.7331138,0.327884022,2.931236275,,0,4_9,0.208595172,0.086701379
4-9_0_E3_1,1,1538.644656,22332.68019,3242,13.24645779,,884.9742153,6052.188773,1,1.738632187,,0,4_9,0.208595172,0.086701379
4-9_0_E3_1,2,2792.236338,29945.24584,1333,3.132858915,,623.4308359,2688.745183,0.411165947,4.478822954,,0,4_9,0.208595172,0.086701379
4-9_0_E3_1,3,2820.2378,30092.74257,3069,15.05829248,,572.3402902,12889.77669,0.946637878,4.927554199,,0,4_9,0.208595172,0.086701379
4-9_0_E4_1,0,1522.382484,22216.26922,1039,1.043532762,,349.6493893,634.3882358,0.338106085,4.354025862,,0,4_9,0.223690034,0.105628804
4-9_0_E4_1,1,1538.655761,22332.75948,3073,9.915595624,,677.1863549,6005.826184,1,2.272130485,,0,4_9,0.223690034,0.105628804
4-9_0_E4_1,2,2792.429146,29946.264,1246,2.118974061,,510.5457084,2801.181728,0.40546697,5.469498812,,0,4_9,0.223690034,0.105628804
4-9_0_E4_1,3,2820.27335,30092.92935,2942,11.54542785,,558.6646229,12522.60408,0.957370648,5.048240454,,0,4_9,0.223690034,0.105628804
5-1_0_E11_1,0,1522.58313,22217.70934,1380,1.448173753,,603.3614114,1001.694209,0.25751073,2.523501009,,0,5_1,0.130037262,0.088249505
5-1_0_E11_1,1,1538.58339,22332.24279,5359,14.04126308,,640.2606832,11350.7062,1,2.403057739,,0,5_1,0.130037262,0.088249505
5-1_0_E11_1,2,2792.191498,29945.00905,1459,2.50238022,,638.1271554,3262.090605,0.272252286,4.375603631,,0,5_1,0.130037262,0.088249505
5-1_0_E11_1,3,2820.241814,30092.76366,5203,20.27933172,,564.377899,25085.81433,0.970890091,4.997080536,,0,5_1,0.130037262,0.088249505
5-1_0_E12_1,0,1522.2717,22215.47403,1548,1.229140258,,543.0018782,1146.888852,0.205604994,2.803437265,,0,5_1,0.135064842,0.074707151
5-1_0_E12_1,1,1538.075731,22328.61812,6540,13.41717237,,610.3958649,15351.79488,0.868641254,2.519800377,,0,5_1,0.135064842,0.074707151
5-1_0_E12_1,2,2791.907143,29943.50737,1788,2.730410206,,597.3198944,5240.536481,0.237481737,4.674056848,,0,5_1,0.135064842,0.074707151
5-1_0_E12_1,3,2820.223197,30092.66584,7529,24.09817861,,544.0450467,38800.15257,1,5.183804565,,0,5_1,0.135064842,0.074707151
5-2_0_F1_1,0,1521.93982,22213.0917,1314,1.418663403,,367.1558198,744.9401314,0.271937086,4.145215023,,0,5_2,0.097829185,0.074367152
5-2_0_F1_1,1,1538.509859,22331.71782,4832,14.37021196,,882.1533162,10017.05875,1,1.744039081,,0,5_2,0.097829185,0.074367152
5-2_0_F1_1,2,2791.476154,29941.23117,1090,1.717969411,,459.7178629,1685.169111,0.22557947,6.072150724,,0,5_2,0.097829185,0.074367152
5-2_0_F1_1,3,2819.930862,30091.12982,3780,20.33314403,,570.2831995,17225.62758,0.782284768,4.944790351,,0,5_2,0.097829185,0.074367152
5-2_0_F2_1,0,1522.618361,22217.96219,1289,1.309989017,,641.3154787,656.1689221,0.237998523,2.374211151,,0,5_2,0.0848858,0.058490776
5-2_0_F2_1,1,1538.518392,22331.77874,5416,16.49084173,,871.3190001,11218.33163,1,1.765734928,,0,5_2,0.0848858,0.058490776
5-2_0_F2_1,2,2791.52512,29941.48978,1077,1.473768603,,350.5513522,1758.52906,0.198855244,7.963241626,,0,5_2,0.0848858,0.058490776
5-2_0_F2_1,3,2819.906234,30091.00041,4374,22.47637977,,553.9303955,20716.41027,0.80760709,5.090723053,,0,5_2,0.0848858,0.058490776
5-3_0_F3_1,0,1522.203244,22214.98266,1370,1.509897438,,623.9434353,925.8742709,0.238136624,2.439649427,,0,5_3,0.289955795,0.077843206
5-3_0_F3_1,1,1538.601669,22332.37329,5753,16.8731962,,901.2784176,11894.09216,1,1.707132489,,0,5_3,0.289955795,0.077843206
5-3_0_F3_1,2,2792.291777,29945.5386,2076,7.070490921,,607.7954585,6320.20344,0.360855206,4.594130702,,0,5_3,0.289955795,0.077843206
5-3_0_F3_1,3,2820.174503,30092.40999,4698,23.83874396,,589.1915879,21797.12753,0.816617417,4.786515221,,0,5_3,0.289955795,0.077843206
5-3_0_F4_1,0,1522.532596,22217.34664,1149,1.31284738,,380.0464715,664.9000631,0.274814638,4.006174798,,0,5_3,0.299358541,0.076805637
5-3_0_F4_1,1,1538.640271,22332.64889,4181,14.85032363,,873.2403417,8656.91749,1,1.761989452,,0,5_3,0.299358541,0.076805637
5-3_0_F4_1,2,2792.320101,29945.68818,1702,6.32426686,,630.3460773,5248.056767,0.407079646,4.4298207,,0,5_3,0.299358541,0.076805637
5-3_0_F4_1,3,2820.204037,30092.56517,3830,22.22263468,,548.9580417,17531.00728,0.916048792,5.137376306,,0,5_3,0.299358541,0.076805637
5-4_0_F5_1,0,1522.590684,22217.76355,1128,1.363420658,,632.7943129,546.3960074,0.248403435,2.406138381,,0,5_4,0.080405662,0.061983412
5-4_0_F5_1,1,1538.602856,22332.38177,4541,17.01364533,,929.3242557,8815.197343,1,1.655614654,,0,5_4,0.080405662,0.061983412
5-4_0_F5_1,2,2791.960382,29943.78853,943,1.241901071,,378.2846015,1070.872523,0.20766351,7.380581634,,0,5_4,0.080405662,0.061983412
5-4_0_F5_1,3,2820.225948,30092.68029,3163,16.59017347,,588.2162172,13318.37214,0.696542612,4.794539602,,0,5_4,0.080405662,0.061983412
5-4_0_F6_1,0,1522.60474,22217.86444,1110,1.48062177,,622.1062546,530.5785287,0.245901639,2.447499489,,0,5_4,0.093306194,0.056702019
5-4_0_F6_1,1,1538.651116,22332.72631,4514,17.33892504,,674.5132774,9357.312824,1,2.281127989,,0,5_4,0.093306194,0.056702019
5-4_0_F6_1,2,2792.383284,29946.02182,951,1.406933814,,401.7030308,1439.76883,0.210677891,6.95136225,,0,5_4,0.093306194,0.056702019
5-4_0_F6_1,3,2820.392341,30093.55454,3432,18.00458859,,574.8361765,15430.58142,0.760301285,4.906428051,,0,5_4,0.093306194,0.056702019
5-5_0_F7_1,0,1526,0,0,0,0,0,0,0,0,0,0,5_5,0.081751085,0
5-5_0_F7_1,1,1538.632564,22332.59387,3563,14.43018074,,912.8397338,6662.388716,1,1.685545126,,0,5_5,0.081751085,0
5-5_0_F7_1,2,2791.668718,29942.24818,997,1.21735659,,660.2792276,912.7740549,0.279820376,4.228012333,,0,5_5,0.081751085,0
5-5_0_F7_1,3,2820.214342,30092.61931,2937,12.32948194,,544.2524761,11165.28369,0.824305361,5.181812607,,0,5_5,0.081751085,0
5-5_0_F8_1,0,1522.927556,22220.1812,1119,2.066280436,,468.0165818,837.7391041,0.312133891,3.254003416,,0,5_5,0.091841973,0.129967806
5-5_0_F8_1,1,1538.649349,22332.7137,3585,16.67165831,,946.994165,6445.743201,1,1.624771731,,0,5_5,0.091841973,0.129967806
5-5_0_F8_1,2,2791.839185,29943.14847,956,1.078213279,,444.0417388,794.7105334,0.266666667,6.287335042,,0,5_5,0.091841973,0.129967806
5-5_0_F8_1,3,2820.510927,30094.17759,2516,12.00679835,,602.4554512,8653.021163,0.70181311,4.681692101,,0,5_5,0.091841973,0.129967806
5-6_0_F11_1,0,1522.654464,22218.22131,1233,1.640027053,,617.8184331,730.2750547,0.263517846,2.464566259,,0,5_6,0.229398138,0.077308532
5-6_0_F11_1,1,1538.742583,22333.3793,4679,16.51757254,,867.4142632,9446.241434,1,1.773941988,,0,5_6,0.229398138,0.077308532
5-6_0_F11_1,2,2792.804201,29948.24447,1390,3.523774818,,608.5150588,3530.357991,0.297072024,4.589539996,,0,5_6,0.229398138,0.077308532
5-6_0_F11_1,3,2820.29556,30093.04605,3554,17.58513242,,581.0770942,15389.65405,0.759564009,4.853565196,,0,5_6,0.229398138,0.077308532
5-6_0_F12_1,0,1522.177967,22214.80121,1467,2.099429174,,841.1860753,1029.154819,0.241163899,1.809561536,,0,5_6,0.255767266,0.078868772
5-6_0_F12_1,1,1538.622094,22332.51912,6083,21.21094229,,875.9491133,13048.95202,1,1.756519952,,0,5_6,0.255767266,0.078868772
5-6_0_F12_1,2,2792.138044,29944.72676,1700,4.84139363,,537.428906,5622.416079,0.279467368,5.19536261,,0,5_6,0.255767266,0.078868772
5-6_0_F12_1,3,2820.228642,30092.69445,4760,23.89625262,,560.2528926,21982.54755,0.782508631,5.03384932,,0,5_6,0.255767266,0.078868772
5-7_0_F10_1,0,1522.514404,22217.21607,902,1.049824633,,392.5109419,590.8421254,0.314176245,3.878909456,,0,5_7,0.190945364,0.157139727
5-7_0_F10_1,1,1538.710962,22333.15356,2200,9.065838085,,841.1697483,3759.979323,0.766283525,1.829251426,,0,5_7,0.190945364,0.157139727
5-7_0_F10_1,2,2792.554179,29946.92425,1014,3.136406631,,467.1667782,2374.614811,0.353187043,5.977638627,,0,5_7,0.190945364,0.157139727
5-7_0_F10_1,3,2820.245155,30092.78121,2871,20.93144255,,591.3667949,12436.09564,1,4.769028595,,0,5_7,0.190945364,0.157139727
5-7_0_F9_1,0,1526,0,0,0,0,0,0,0,0,0,0,5_7,0.287845228,0
5-7_0_F9_1,1,1538.66691,22332.83907,1109,4.320554859,,636.2677546,1288.797725,1,2.418269508,,0,5_7,0.287845228,0
5-7_0_F9_1,2,2792.472,29946.4903,698,1.105977013,,169.8700246,863.0689228,0.629395852,16.43887441,,0,5_7,0.287845228,0
5-7_0_F9_1,3,2820.657173,30094.94594,1108,6.110209434,,583.30709,2998.378425,0.999098287,4.835629845,,0,5_7,0.287845228,0
5-8_0_G1_1,0,1522.394363,22216.35448,1262,1.33877601,,587.9361621,773.4665655,0.236064347,2.589387184,,0,5_8,0.124070195,0.070806171
5-8_0_G1_1,1,1538.399868,22330.93252,5346,16.25389458,,854.0127812,10923.71683,1,1.801378037,,0,5_8,0.124070195,0.070806171
5-8_0_G1_1,2,2791.408577,29940.87425,1173,2.350862882,,540.1139434,2822.57931,0.219416386,5.168184623,,0,5_8,0.124070195,0.070806171
5-8_0_G1_1,3,2819.885072,30090.88921,4842,26.0661802,,587.0298038,22749.85785,0.905723906,4.803648901,,0,5_8,0.124070195,0.070806171
5-8_0_G2_1,0,1522.361324,22216.11734,989,1.271639397,,451.2658877,507.9214592,0.306097184,3.373535128,,0,5_8,0.122730465,0.08004442
5-8_0_G2_1,1,1538.498134,22331.63411,3231,13.6214214,,888.4306283,6345.494901,1,1.731703168,,0,5_8,0.122730465,0.08004442
5-8_0_G2_1,2,2792.495871,29946.61635,911,1.996133023,,435.4097509,1391.150008,0.281956051,6.413489512,,0,5_8,0.122730465,0.08004442
5-8_0_G2_1,3,2820.059025,30091.80324,2718,18.24701972,,587.3576343,11335.00154,0.841225627,4.801263933,,0,5_8,0.122730465,0.08004442
5-9_0_G3_1,0,1522.581544,22217.69795,994,1.104047685,,513.7942418,436.248824,0.31287378,2.963407177,,0,5_9,0.280080597,0.078905559
5-9_0_G3_1,1,1538.555081,22332.04069,3177,12.54005148,,946.5516374,5528.746412,1,1.625431747,,0,5_9,0.280080597,0.078905559
5-9_0_G3_1,2,2792.282248,29945.48828,1200,3.907103429,,593.4112858,3035.507105,0.377714825,4.705475467,,0,5_9,0.280080597,0.078905559
5-9_0_G3_1,3,2820.640992,30094.86093,2570,15.638132,,527.2810737,10837.97715,0.808939251,5.349406858,,0,5_9,0.280080597,0.078905559
5-9_0_G4_1,0,1522.550162,22217.47272,1174,1.583994637,,677.7532766,606.7009548,0.298045189,2.246466693,,0,5_9,0.266124464,0.081465633
5-9_0_G4_1,1,1538.560521,22332.07952,3939,13.84737341,,927.5397887,7447.323916,1,1.658754201,,0,5_9,0.266124464,0.081465633
5-9_0_G4_1,2,2792.189516,29944.99858,1382,4.713605472,,548.939853,3840.642196,0.35085047,5.086512667,,0,5_9,0.266124464,0.081465633
5-9_0_G4_1,3,2820.04934,30091.75235,3178,18.67599573,,583.9931879,14431.75173,0.806803757,4.828907936,,0,5_9,0.266124464,0.081465633
0_standard_0_H11_1,0,1522.622989,22217.99541,707,1.029432945,,345.6102824,150.9334292,0.156381332,4.405606739,,0,0_standard,0,0.026192581
0_standard_0_H11_1,1,1538.570076,22332.14774,2818,22.61434397,,914.1389473,5762.449716,0.623313426,1.683081199,,0,0_standard,0,0.026192581
0_standard_0_H11_1,2,2791,0,0,0,0,0,0,0,0,0,0,0_standard,0,0.026192581
0_standard_0_H11_1,3,2819.88576,30090.89283,4521,32.25305364,,569.9155466,21863.49038,1,4.947901099,,0,0_standard,0,0.026192581
0_standard_0_H12_1,0,1522.27507,22215.49822,735,1.023919368,,315.015029,207.6078251,0.144685039,4.83238871,,0,0_standard,0,0.031335261
0_standard_0_H12_1,1,1538.514981,22331.7544,3236,25.04640415,,900.0943933,6625.374018,0.637007874,1.709281818,,0,0_standard,0,0.031335261
0_standard_0_H12_1,2,2791,0,0,0,0,0,0,0,0,0,0,0_standard,0,0.031335261
0_standard_0_H12_1,3,2819.804384,30090.46523,5080,33.0633858,,587.2700011,25095.70965,1,4.801546782,,0,0_standard,0,0.031335261
1.9_standard_0_H10_1,0,1526,0,0,0,0,0,0,0,0,0,0,1.9_standard,0.052377164,0
1.9_standard_0_H10_1,1,1538.599641,22332.35882,2388,20.01106624,,960.1112726,4228.049019,0.577509069,1.602522213,,0,1.9_standard,0.052377164,0
1.9_standard_0_H10_1,2,2793.626496,29952.58609,747,1.123073097,,201.2373494,964.5305978,0.180652963,13.88224653,,0,1.9_standard,0.052377164,0
1.9_standard_0_H10_1,3,2819.90008,30090.96807,4135,32.28715786,,611.3868916,18415.09782,1,4.612300523,,0,1.9_standard,0.052377164,0
1.9_standard_0_H9_1,0,1522.093622,22214.19577,726,1.262171291,,457.6692711,100.3678163,0.188816645,3.325750096,,0,1.9_standard,0.044133419,0.020217108
1.9_standard_0_H9_1,1,1538.583842,22332.24602,2604,21.78840984,,893.442297,4964.499141,0.677243173,1.722085296,,0,1.9_standard,0.044133419,0.020217108
1.9_standard_0_H9_1,2,2790.334699,29935.20189,763,1.229805516,,251.085612,759.1635414,0.198439532,11.11308082,,0,1.9_standard,0.044133419,0.020217108
1.9_standard_0_H9_1,3,2819.87079,30090.81417,3845,31.152565,,623.3823805,17201.55737,1,4.523500949,,0,1.9_standard,0.044133419,0.020217108
3.9_standard_0_H7_1,0,1526,0,0,0,0,0,0,0,0,0,0,3.9_standard,0.068207119,0
3.9_standard_0_H7_1,1,1538.556775,22332.05278,2074,17.93707788,,951.4329821,3538.039182,0.586870402,1.617094219,,0,3.9_standard,0.068207119,0
3.9_standard_0_H7_1,2,2792.427807,29946.25694,736,1.475171412,,289.677048,1086.307374,0.208262592,9.639796549,,0,3.9_standard,0.068207119,0
3.9_standard_0_H7_1,3,2819.854778,30090.73003,3534,31.26972409,,551.9215461,15926.59813,1,5.109158715,,0,3.9_standard,0.068207119,0
3.9_standard_0_H8_1,0,1527.709422,22254.47039,823,1.866977446,,682.7135162,307.1208606,0.171565562,2.237702032,,0,3.9_standard,0.054540447,0.041750207
3.9_standard_0_H8_1,1,1538.585461,22332.25758,3078,24.26077606,,694.4423447,7356.151753,0.641651032,2.215569763,,0,3.9_standard,0.054540447,0.041750207
3.9_standard_0_H8_1,2,2791.920576,29943.57831,841,1.541760715,,244.087368,1274.965149,0.175317907,11.43820182,,0,3.9_standard,0.054540447,0.041750207
3.9_standard_0_H8_1,3,2819.981447,30091.39561,4797,34.99856529,,600.329609,23376.50705,1,4.697388576,,0,3.9_standard,0.054540447,0.041750207
7.8_standard_0_H5_1,0,1527.546375,22253.30213,828,2.527797181,,901.9141323,493.7530961,0.193638915,1.693671626,,0,7.8_standard,0.085879684,0.077569621
7.8_standard_0_H5_1,1,1538.546628,22331.98034,3410,30.90506814,,978.6966004,6365.289536,0.797474275,1.572036346,,0,7.8_standard,0.085879684,0.077569621
7.8_standard_0_H5_1,2,2791.833769,29943.11987,846,2.176980766,,334.2531684,1719.74829,0.197848457,8.35245267,,0,7.8_standard,0.085879684,0.077569621
7.8_standard_0_H5_1,3,2820.366431,30093.41841,4276,34.86765242,,641.7308178,20025.08867,1,4.394936869,,0,7.8_standard,0.085879684,0.077569621
7.8_standard_0_H6_1,0,1527.550673,22253.33292,799,2.442413033,,674.0294609,526.9364997,0.210318505,2.266296596,,0,7.8_standard,0.074874615,0.096292285
7.8_standard_0_H6_1,1,1538.586043,22332.26174,2802,25.19661446,,957.7770983,5472.260833,0.737562516,1.606413482,,0,7.8_standard,0.074874615,0.096292285
7.8_standard_0_H6_1,2,2792.108608,29944.57131,785,1.902334128,,259.6975448,1230.981864,0.206633325,10.75138623,,0,7.8_standard,0.074874615,0.096292285
7.8_standard_0_H6_1,3,2820.428754,30093.74585,3799,33.40073055,,562.4155972,16440.57678,1,5.014848037,,0,7.8_standard,0.074874615,0.096292285
15.1_standard_0_H3_1,0,1527.52893,22253.17712,1058,5.017839397,,967.9058572,1110.978089,0.242049874,1.57817924,,0,15.1_standard,0.122228225,0.175160361
15.1_standard_0_H3_1,1,1538.535635,22331.90185,3081,27.1164152,,968.2873188,6342.634175,0.704873027,1.588924697,,0,15.1_standard,0.122228225,0.175160361
15.1_standard_0_H3_1,2,2791.771284,29942.78987,1034,3.779620133,,539.2385482,2476.532107,0.23655914,5.177247237,,0,15.1_standard,0.122228225,0.175160361
15.1_standard_0_H3_1,3,2819.775234,30090.31206,4371,35.40086729,,620.1395941,20261.54033,1,4.547000806,,0,15.1_standard,0.122228225,0.175160361
15.1_standard_0_H4_1,0,1527.557787,22253.3839,1139,5.19596935,,677.697354,1338.342005,0.222200546,2.254041244,,0,15.1_standard,0.135639622,0.181248962
15.1_standard_0_H4_1,1,1538.5446,22331.96586,3391,27.74187104,,914.1385851,7383.99817,0.661529458,1.683053998,,0,15.1_standard,0.135639622,0.181248962
15.1_standard_0_H4_1,2,2792.39009,29946.05776,1147,4.038831417,,524.3143388,3566.74939,0.223761217,5.325793867,,0,15.1_standard,0.135639622,0.181248962
15.1_standard_0_H4_1,3,2819.822705,30090.5615,5126,36.57415743,,550.2372452,26295.778,1,5.124739792,,0,15.1_standard,0.135639622,0.181248962
31.25_standard_0_H1_1,0,1527.43061,22252.47261,1728,10.7095854,,939.0377144,3192.847805,0.291596355,1.626591336,,0,31.25_standard,0.212576911,0.360330248
31.25_standard_0_H1_1,1,1538.429014,22331.14062,4134,34.17703755,,917.3205222,8860.893086,0.69760378,1.677089934,,0,31.25_standard,0.212576911,0.360330248
31.25_standard_0_H1_1,2,2791.551882,29941.63113,1672,8.115141963,,517.8747584,6239.177348,0.282146473,5.390399583,,0,31.25_standard,0.212576911,0.360330248
31.25_standard_0_H1_1,3,2819.633058,30089.56497,5926,42.79268528,,607.2668503,29350.21176,1,4.643153264,,0,31.25_standard,0.212576911,0.360330248
31.25_standard_0_H2_1,0,1527.4912,22252.90678,1366,8.331060476,,963.2674546,1964.151534,0.300814799,1.585739447,,0,31.25_standard,0.209103555,0.301131133
31.25_standard_0_H2_1,1,1538.505309,22331.68534,3134,27.66087009,,967.7096844,6522.578768,0.690156353,1.589841803,,0,31.25_standard,0.209103555,0.301131133
31.25_standard_0_H2_1,2,2792.21668,29945.14203,1352,6.440847913,,533.7793196,4510.218001,0.297731777,5.231031959,,0,31.25_standard,0.209103555,0.301131133
31.25_standard_0_H2_1,3,2819.738366,30090.11833,4541,35.61747716,,608.9167463,21569.3033,1,4.630745307,,0,31.25_standard,0.209103555,0.301131133
62.5_standard_0_G11_1,0,1527.602042,22253.701,4351,30.76259888,,644.7234389,10199.04212,0.441233141,2.3693912,,0,62.5_standard,0.34214138,0.66433168
62.5_standard_0_G11_1,1,1538.624552,22332.53667,6437,48.23830184,,890.597157,15352.33442,0.652773552,1.727632454,,0,62.5_standard,0.34214138,0.66433168
62.5_standard_0_G11_1,2,2791.802053,29942.95237,3654,17.62780589,,549.6009113,17837.1971,0.370550654,5.079689636,,0,62.5_standard,0.34214138,0.66433168
62.5_standard_0_G11_1,3,2820.001067,30091.4987,9861,55.4478619,,587.3104931,52133.9953,1,4.801550628,,0,62.5_standard,0.34214138,0.66433168
62.5_standard_0_G12_1,0,1527.60081,22253.69217,3521,27.20308816,,647.4342157,8085.468555,0.41457671,2.359468767,,0,62.5_standard,0.341220728,0.633386489
62.5_standard_0_G12_1,1,1538.616275,22332.47757,5101,42.07536473,,908.2350919,12765.4579,0.600612269,1.6940727,,0,62.5_standard,0.341220728,0.633386489
62.5_standard_0_G12_1,2,2791.885278,29943.39189,3177,16.99448415,,548.2052458,15363.3614,0.374072766,5.092773736,,0,62.5_standard,0.341220728,0.633386489
62.5_standard_0_G12_1,3,2819.844929,30090.67828,8493,53.75259833,,559.3328635,45024.70149,1,5.041443322,,0,62.5_standard,0.341220728,0.633386489
125_standard_0_G10_1,0,1527.650473,22254.04802,5038,35.42734984,,618.2969649,12290.10281,0.704122991,2.470739078,,0,125_standard,0.817071103,1.26756535
125_standard_0_G10_1,1,1538.679177,22332.92664,4278,29.22526844,,893.9012778,9695.833678,0.597903564,1.721307727,,0,125_standard,0.817071103,1.26756535
125_standard_0_G10_1,2,2792.062081,29944.32561,5948,33.053146,,538.0478929,31169.18691,0.831306778,5.189244522,,0,125_standard,0.817071103,1.26756535
125_standard_0_G10_1,3,2820.111349,30092.07816,7155,40.53025216,,586.3461642,38147.45961,1,4.809635537,,0,125_standard,0.817071103,1.26756535
125_standard_0_G9_1,0,1527.625157,22253.86662,4261,33.77385123,,641.7026651,9197.5012,0.674635845,2.380580977,,0,125_standard,0.825220732,1.235996211
125_standard_0_G9_1,1,1538.644092,22332.67617,3435,26.07807161,,921.1989901,7441.366827,0.543856871,1.670262461,,0,125_standard,0.825220732,1.235996211
125_standard_0_G9_1,2,2791.888194,29943.40729,5247,33.53299301,,586.2165475,26702.19727,0.830747308,4.762554393,,0,125_standard,0.825220732,1.235996211
125_standard_0_G9_1,3,2820.075314,30091.88883,6316,41.27378771,,591.1378438,32357.64231,1,4.770588356,,0,125_standard,0.825220732,1.235996211
250_standard_0_G7_1,0,1527.556782,22253.3767,6066,58.97771889,,633.9120329,13738.05896,0.7812983,2.409729904,,0,250_standard,1.66976132,2.285622005
250_standard_0_G7_1,1,1538.598129,22332.34803,2772,23.42920909,,935.9842257,6010.643463,0.357032457,1.643829123,,0,250_standard,1.66976132,2.285622005
250_standard_0_G7_1,2,2791.878671,29943.357,7764,60.73964823,,557.1414652,40083.12843,1,5.011076801,,0,250_standard,1.66976132,2.285622005
250_standard_0_G7_1,3,2819.929113,30091.12062,4661,34.11829543,,624.0345294,24005.30421,0.600334879,4.518867114,,0,250_standard,1.66976132,2.285622005
250_standard_0_G8_1,0,1527.541423,22253.26664,3082,32.23201764,,650.5729366,6129.624496,0.79167737,2.347994109,,0,250_standard,1.660175746,2.279923789
250_standard_0_G8_1,1,1538.566832,22332.12458,1590,13.21652918,,947.7994691,2688.521663,0.408425379,1.623304172,,0,250_standard,1.660175746,2.279923789
250_standard_0_G8_1,2,2792.327746,29945.72855,3893,38.8437837,,629.8961919,17696.619,1,4.43299671,,0,250_standard,1.660175746,2.279923789
250_standard_0_G8_1,3,2820.419315,30093.69626,2430,21.71666771,,653.8600375,10659.48533,0.624197277,4.31349089,,0,250_standard,1.660175746,2.279923789
