,level_0,level_1,m/z,time,Intens.,SN,Quality Fac.,Res.,Area,Rel. Intens.,FWHM,Chi^2,Bk. Peak,name,hep/hhep,SAA/IS_SAA,hep avg,hep std,SAA avg,SAA std
0,2-1_0_A1_1,0,1526.0,0.0,0.0,0.0,0,0.0,0.0,0.0,0.0,0,0.0,2_1,0.09724672491675214,0.0,0.09363703346105633,0.0038589224854798944,0.0,0.0
1,2-1_0_A1_1,1,1537.10355461408,22321.67512739202,20585.0,16.3272492380425,,635.6471352268157,53608.58591210009,0.7162242093176995,2.4181711352566713,,0.0,2_1,,,,,,
2,2-1_0_A1_1,2,2790.128221352548,29934.111122460614,4247.0,1.968414778626165,,524.8107701169102,15251.31351487431,0.14776799693817194,5.3164461939891225,,0.0,2_1,,,,,,
3,2-1_0_A1_1,3,2818.813181003804,30085.256407771318,28741.0,24.62572459057456,,549.8074125879452,156831.1275051182,1.0,5.126910107915136,,0.0,2_1,,,,,,
4,2-1_0_A2_1,0,1526.0,0.0,0.0,0.0,0,0.0,0.0,0.0,0.0,0,0.0,2_1,0.09002734200536051,0.0,0.09363703346105633,0.0038589224854798944,0.0,0.0
5,2-1_0_A2_1,1,1537.579816834851,22325.076729366527,14321.0,14.04569285349662,,632.8610294167424,36662.89545544601,0.6696123813531585,2.429569439995248,,0.0,2_1,,,,,,
6,2-1_0_A2_1,2,2790.488538312427,29936.01455802497,3204.0,1.716078794619108,,526.6208183655519,10252.54331119267,0.14981063262729696,5.298857244142254,,0.0,2_1,,,,,,
7,2-1_0_A2_1,3,2818.854648192208,30085.47433868691,21387.0,21.18373795620815,,560.945586852186,113882.5503765534,1.0,5.025183750906308,,0.0,2_1,,,,,,
8,2-10_0_B7_1,0,1526.0,0.0,0.0,0.0,0,0.0,0.0,0.0,0.0,0,0.0,2_10,0.16600085895427533,0.0,0.1648102371010542,0.001683793572486015,0.0,0.0
9,2-10_0_B7_1,1,1538.384757315501,22330.82463651748,1450.0,6.593236239218044,,891.7217876371807,2060.513599882926,0.9165613147914032,1.7251846693034165,,0.0,2_10,,,,,,
10,2-10_0_B7_1,2,2791.492169395827,29941.315753040733,844.0,1.589069281127212,,322.8738493650863,865.724812854106,0.5335018963337548,8.645767301641627,,0.0,2_10,,,,,,
11,2-10_0_B7_1,3,2819.768293235884,30090.27559025262,1582.0,8.084471928671745,,538.1970380789886,5215.182730425319,1.0,5.239286160512165,,0.0,2_10,,,,,,
12,2-10_0_B8_1,0,1526.0,0.0,0.0,0.0,0,0.0,0.0,0.0,0.0,0,0.0,2_10,0.16361961524783308,0.0,0.1648102371010542,0.001683793572486015,0.0,0.0
13,2-10_0_B8_1,1,1538.369522173564,22330.71585974596,2099.0,8.53521065618935,,661.3323341869656,3619.072025479717,0.8119922630560928,2.326167106383537,,0.0,2_10,,,,,,
14,2-10_0_B8_1,2,2791.594348553886,29941.85541075332,1077.0,2.194314002966424,,571.9321068877043,1747.228587934997,0.41663442940038686,4.880989045614115,,0.0,2_10,,,,,,
15,2-10_0_B8_1,3,2819.775239438246,30090.31208988138,2585.0,11.88189421536483,,585.6462226827337,10678.60100568313,1.0,4.814809914629677,,0.0,2_10,,,,,,
16,2-11_0_G5_1,0,1526.0,0.0,0.0,0.0,0,0.0,0.0,0.0,0.0,0,0.0,2_11,0.22563948450566004,0.0,0.2090201433982299,0.023503297591832267,0.0,0.0
17,2-11_0_G5_1,1,1538.56039047879,22332.07859331969,4050.0,14.92429692432269,,915.5616574902224,7968.874524091985,1.0,1.680455246123302,,0.0,2_11,,,,,,
18,2-11_0_G5_1,2,2791.223334714354,29939.895858814198,1145.0,2.180461046005243,,538.9222478291537,2680.692912580525,0.28271604938271605,5.179269080016184,,0.0,2_11,,,,,,
19,2-11_0_G5_1,3,2820.206535346373,30092.578295156894,2923.0,13.45488843489858,,554.0709508540272,11880.42473352345,0.7217283950617284,5.089973641461256,,0.0,2_11,,,,,,
20,2-11_0_G6_1,0,1526.0,0.0,0.0,0.0,0,0.0,0.0,0.0,0.0,0,0.0,2_11,0.19240080229079978,0.0,0.2090201433982299,0.023503297591832267,0.0,0.0
21,2-11_0_G6_1,1,1538.586917952734,22332.26798353444,3541.0,14.00341797593203,,931.8641464278312,6742.512315469851,1.0,1.6510850040219793,,0.0,2_11,,,,,,
22,2-11_0_G6_1,2,2792.468875150732,29946.47380052571,1107.0,2.732112715623889,,674.9774612406214,2127.238555720175,0.31262355266873765,4.137129068010835,,0.0,2_11,,,,,,
23,2-11_0_G6_1,3,2820.097854260915,30092.007256798453,2712.0,14.55782017855429,,615.5792086187549,11056.28734595924,0.7658853431234115,4.581210370292865,,0.0,2_11,,,,,,
24,2-2_0_A3_1,0,1526.0,0.0,0.0,0.0,0,0.0,0.0,0.0,0.0,0,0.0,2_2,0.0,0.0,0.0,0.0,0.0,0.0
25,2-2_0_A3_1,1,1537.624301268101,22325.394422825302,10559.0,12.81846427411827,,637.2490304427375,24912.4353545411,0.6018924927321438,2.412909597053157,,0.0,2_2,,,,,,
26,2-2_0_A3_1,2,2791.0,0.0,0.0,0.0,0,0.0,0.0,0.0,0.0,0,0.0,2_2,,,,,,
27,2-2_0_A3_1,3,2818.830718722569,30085.34857749584,17543.0,18.31737807107432,,545.5872975344289,90717.74108639876,1.0,5.166598876955505,,0.0,2_2,,,,,,
28,2-2_0_A4_1,0,1526.0,0.0,0.0,0.0,0,0.0,0.0,0.0,0.0,0,0.0,2_2,0.0,0.0,0.0,0.0,0.0,0.0
29,2-2_0_A4_1,1,1537.240565412639,22322.65375252263,10086.0,11.51668810305128,,631.5714395307491,24175.61228505604,0.6042777544784614,2.4339931624438123,,0.0,2_2,,,,,,
30,2-2_0_A4_1,2,2791.0,0.0,0.0,0.0,0,0.0,0.0,0.0,0.0,0,0.0,2_2,,,,,,
31,2-2_0_A4_1,3,2818.853323442925,30085.467376488763,16691.0,16.61003577555857,,540.3106077984348,86532.78011640221,1.0,5.217097874366572,,0.0,2_2,,,,,,
32,2-3_0_A5_1,0,1521.773409066519,22211.897048062554,1826.0,1.244715323359352,,370.0767186107927,1530.702838044844,0.14267854352242537,4.112048482214734,,0.0,2_3,0.17682623109906423,0.09425326476867725,0.17719006588695002,0.0005145400914859222,0.09180881963893085,0.003456967454963968
33,2-3_0_A5_1,1,1537.322913176915,22323.24191555927,7099.0,14.0174985756326,,646.6198609158516,16240.31636253236,0.5546960462572277,2.3774755557299154,,0.0,2_3,,,,,,
34,2-3_0_A5_1,2,2790.72167303719,29937.246065438812,4255.0,3.179705908063482,,524.8094170230634,10796.78758761779,0.33247382403500547,5.317590695813579,,0.0,2_3,,,,,,
35,2-3_0_A5_1,3,2819.017414820651,30086.329743413346,12798.0,16.67339516414718,,552.1252762901903,61058.74405912691,1.0,5.1057568560563595,,0.0,2_3,,,,,,
36,2-3_0_A6_1,0,1521.741881163,22211.670704863827,1991.0,1.030688330915206,,344.2951358780943,1707.906154356131,0.12850964951913768,4.4198762125463436,,0.0,2_3,0.17755390067483579,0.08936437450918445,0.17719006588695002,0.0005145400914859222,0.09180881963893085,0.003456967454963968
37,2-3_0_A6_1,1,1537.368082034392,22323.564524145848,8115.0,13.28095070631307,,625.4007139271503,19111.71161591469,0.5237849351319951,2.458212867044268,,0.0,2_3,,,,,,
38,2-3_0_A6_1,2,2790.7752357439,29937.528996919493,4945.0,2.866868457684328,,489.2525201055121,13566.64100068589,0.3191764022461757,5.704161186828515,,0.0,2_3,,,,,,
39,2-3_0_A6_1,3,2819.047229107881,30086.486426886135,15493.0,16.03137424211514,,532.5834815008532,76408.57761571358,1.0,5.29315558410417,,0.0,2_3,,,,,,
40,2-4_0_A7_1,0,1526.0,0.0,0.0,0.0,0,0.0,0.0,0.0,0.0,0,0.0,2_4,0.07858806191958231,0.0,0.07805127955948327,0.0007591248936969408,0.0,0.0
41,2-4_0_A7_1,1,1537.387106227487,22323.700398809662,6174.0,13.86518902931048,,648.485206859592,14904.95664972493,0.62470909642821,2.370735816276465,,0.0,2_4,,,,,,
42,2-4_0_A7_1,2,2790.381100053151,29935.447010201373,1735.0,1.89502715141007,,565.7076140690441,4030.560071193944,0.1755539815845391,4.932550014631034,,0.0,2_4,,,,,,
43,2-4_0_A7_1,3,2818.968475038761,30086.072547619144,9883.0,25.43563652570648,,554.6292474929749,51287.17991949389,1.0,5.082617780762575,,0.0,2_4,,,,,,
44,2-4_0_A8_1,0,1526.0,0.0,0.0,0.0,0,0.0,0.0,0.0,0.0,0,0.0,2_4,0.07751449719938423,0.0,0.07805127955948327,0.0007591248936969408,0.0,0.0
45,2-4_0_A8_1,1,1537.937213939409,22327.62901291726,5162.0,11.60785206098127,,659.1444306146946,11220.75362015769,0.6735386221294363,2.3332325094595485,,0.0,2_4,,,,,,
46,2-4_0_A8_1,2,2790.835255964338,29937.846035316375,1446.0,1.422348667025094,,511.6281214231146,2967.521834471435,0.18867432150313151,5.454812077572115,,0.0,2_4,,,,,,
47,2-4_0_A8_1,3,2819.155319862709,30087.054470814757,7664.0,19.79022101365041,,567.1232781325755,38283.44299051983,1.0,4.970974439888323,,0.0,2_4,,,,,,
48,2-5_0_A10_1,0,1522.071723316687,22214.038570284025,1352.0,1.391376459189787,,615.505751942811,763.5354441580787,0.1734890286154241,2.4728797716550153,,0.0,2_5,0.10384266223708252,0.052057470195916396,0.10431955921087313,0.0006744341681932188,0.053534273044361536,0.002088514617222098
49,2-5_0_A10_1,1,1538.032233657994,22328.30752777808,6024.0,18.34604395578883,,635.4146950024124,14667.16383421132,0.7730014115231618,2.420517255510049,,0.0,2_5,,,,,,
50,2-5_0_A10_1,2,2791.145127899669,29939.482783747644,1660.0,2.721669851331404,,592.3157730073555,4133.309473764951,0.21301167714615682,4.7122586550890455,,0.0,2_5,,,,,,
51,2-5_0_A10_1,3,2819.327893168238,30087.961363776478,7793.0,27.416365366681,,547.8068572829126,39803.5776887944,1.0,5.146572839836153,,0.0,2_5,,,,,,
52,2-5_0_A9_1,0,1522.028099151874,22213.725416721245,1149.0,1.276071630089958,,629.204366494192,588.0372223703882,0.18128747238876616,2.41897256313132,,0.0,2_5,0.10479645618466375,0.05501107589280667,0.10431955921087313,0.0006744341681932188,0.053534273044361536,0.002088514617222098
53,2-5_0_A9_1,1,1538.065978581814,22328.548487744156,4781.0,17.75175220221935,,656.2150800639444,10689.43322461506,0.7543389081729253,2.3438443054858453,,0.0,2_5,,,,,,
54,2-5_0_A9_1,2,2791.072467972945,29939.099001140326,1428.0,2.625881703145846,,596.4261014824796,3299.822041609983,0.22530766803408014,4.679661840813878,,0.0,2_5,,,,,,
55,2-5_0_A9_1,3,2819.275216040504,30087.68454227575,6338.0,26.15678509888634,,567.1422471966576,31487.91630697231,1.0,4.971019581023938,,0.0,2_5,,,,,,
56,2-6_0_A11_1,0,1522.025080699628,22213.703748767388,1236.0,1.204189747465783,,430.4054141225589,886.6912557488703,0.14653230586840546,3.536259142563267,,0.0,2_6,0.2969982971223374,0.07547941534606782,0.29432887521967754,0.0037751326584338422,0.0789604004196736,0.0049228563015115065
57,2-6_0_A11_1,1,1538.187223788688,22329.414232695766,5036.0,17.45633842541101,,612.1158970751109,11747.45792191756,0.597036158861885,2.5129019375883677,,0.0,2_6,,,,,,
58,2-6_0_A11_1,2,2791.640380870138,29942.098526479524,3157.0,8.344997723077276,,536.5396928504614,13306.13140236115,0.37427385892116183,5.20304540012512,,0.0,2_6,,,,,,
59,2-6_0_A11_1,3,2819.654733529875,30089.67887109655,8435.0,30.07625067233035,,533.8405095140704,44802.04611031889,1.0,5.2818298410820725,,0.0,2_6,,,,,,
60,2-6_0_A12_1,0,1522.098164255398,22214.228372838155,1307.0,1.427765675618867,,487.2137517536326,984.3512619616575,0.15592937246480554,3.1240870332105715,,0.0,2_6,0.29165945331701765,0.08244138549327938,0.29432887521967754,0.0037751326584338422,0.0789604004196736,0.0049228563015115065
61,2-6_0_A12_1,1,1538.13928901505,22329.07196111393,5330.0,18.05536464481005,,631.6658065874126,11940.01357536503,0.635886423287998,2.4350523219309257,,0.0,2_6,,,,,,
62,2-6_0_A12_1,2,2791.465099254786,29941.17278081328,3056.0,8.125306975408131,,544.4834961783482,12382.64068881592,0.3645907897876402,5.126813060171116,,0.0,2_6,,,,,,
63,2-6_0_A12_1,3,2819.622164804979,30089.507730839083,8382.0,30.53298585301461,,568.737741378799,42455.81807134733,1.0,4.9576842886658605,,0.0,2_6,,,,,,
64,2-7_0_B1_1,0,1526.0,0.0,0.0,0.0,0,0.0,0.0,0.0,0.0,0,0.0,2_7,0.07376229911807221,0.0,0.07482557662207123,0.0015037014667214409,0.0,0.0
65,2-7_0_B1_1,1,1538.165843499364,22329.261570380175,5572.0,13.65181947595582,,673.027340329979,12220.3525418909,0.8001148765077541,2.2854433264853933,,0.0,2_7,,,,,,
66,2-7_0_B1_1,2,2790.958662788505,29938.497883138327,1387.0,1.914316179826107,,558.0110565218639,2477.12810002104,0.1991671453187823,5.001618928816243,,0.0,2_7,,,,,,
67,2-7_0_B1_1,3,2819.500533650623,30088.868581603336,6964.0,26.78859052153826,,554.799051475489,33582.57713816473,1.0,5.0820211861432645,,0.0,2_7,,,,,,
68,2-7_0_B2_1,0,1526.0,0.0,0.0,0.0,0,0.0,0.0,0.0,0.0,0,0.0,2_7,0.07588885412607026,0.0,0.07482557662207123,0.0015037014667214409,0.0,0.0
69,2-7_0_B2_1,1,1538.191455325567,22329.44444713731,4565.0,14.26510972493419,,674.748000276983,9761.280259391255,0.8639288417865254,2.2796532256400046,,0.0,2_7,,,,,,
70,2-7_0_B2_1,2,2790.57491384961,29936.470832963787,1177.0,1.750736365277372,,471.3479229350008,1941.19133949052,0.22274791824375473,5.920414152826196,,0.0,2_7,,,,,,
71,2-7_0_B2_1,3,2819.474326218649,30088.73086456178,5284.0,23.81551314518253,,556.5639954135233,25579.39979256662,1.0,5.065858283060151,,0.0,2_7,,,,,,
72,2-8_0_B3_1,0,1526.0,0.0,0.0,0.0,0,0.0,0.0,0.0,0.0,0,0.0,2_8,0.1564498102685448,0.0,0.1493390786237705,0.010056093130435845,0.0,0.0
73,2-8_0_B3_1,1,1538.314297266162,22330.321557110132,2309.0,8.424247808947552,,657.9479561753765,4026.450510081207,0.8003466204506066,2.3380485991754085,,0.0,2_8,,,,,,
74,2-8_0_B3_1,2,2791.630796221442,29942.047906147833,1058.0,1.902467902598408,,592.5076083853174,1942.082499952495,0.36672443674176775,4.711552656393905,,0.0,2_8,,,,,,
75,2-8_0_B3_1,3,2819.743620165609,30090.145942364732,2885.0,14.21800526690528,,607.5372428150542,12413.45385219021,1.0,4.64126875103193,,0.0,2_8,,,,,,
76,2-8_0_B4_1,0,1526.0,0.0,0.0,0.0,0,0.0,0.0,0.0,0.0,0,0.0,2_8,0.14222834697899622,0.0,0.1493390786237705,0.010056093130435845,0.0,0.0
77,2-8_0_B4_1,1,1538.299925817821,22330.218944630076,2750.0,12.00147999993198,,672.215096998527,5095.154125165311,0.8943089430894309,2.2884043108915657,,0.0,2_8,,,,,,
78,2-8_0_B4_1,2,2790.936150351184,29938.37897116668,1047.0,1.994868721938383,,528.7759979972084,1861.986530122863,0.3404878048780488,5.278106723682868,,0.0,2_8,,,,,,
79,2-8_0_B4_1,3,2819.68237771272,30089.824133368158,3075.0,17.58345135699873,,581.671772091145,13091.52900720863,1.0,4.847548932236805,,0.0,2_8,,,,,,
80,2-9_0_B5_1,0,1522.350038225321,22216.03633116969,869.0000000000001,1.081121621520964,,601.541792302454,386.8030347785136,0.2535005834305718,2.530746920173896,,0.0,2_9,0.30979536568297333,0.08784917012789871,0.3196690083537339,0.013963439375014102,0.08542544885295764,0.0034276594984335206
81,2-9_0_B5_1,1,1538.402875880962,22330.953999819216,2334.0,11.20627721550688,,634.9852056821113,4403.035728344059,0.6808634772462077,2.4227381395892285,,0.0,2_9,,,,,,
82,2-9_0_B5_1,2,2791.982275227006,29943.90414857977,1597.0,5.698544722622015,,592.4705028378238,4734.443895080249,0.46586931155192535,4.712440976983544,,0.0,2_9,,,,,,
83,2-9_0_B5_1,3,2819.825875086597,30090.5781594118,3428.0,18.22035842038167,,589.7306953345635,15282.48779526678,1.0,4.781548420990475,,0.0,2_9,,,,,,
84,2-9_0_B6_1,0,1522.424201379283,22216.568647549855,846.0,1.000114382209848,,433.2020331672329,408.0438054306263,0.2211764705882353,3.514351468409586,,0.0,2_9,0.3295426510244944,0.08300172757801655,0.3196690083537339,0.013963439375014102,0.08542544885295764,0.0034276594984335206
85,2-9_0_B6_1,1,1538.342105722099,22330.52010876633,2614.0,13.31882751219778,,673.5517506661582,4916.088102468591,0.6833986928104575,2.2839256288780234,,0.0,2_9,,,,,,
86,2-9_0_B6_1,2,2791.48462905121,29941.2759284254,1719.0,5.953000268245049,,520.4954157340244,5903.986147583519,0.44941176470588234,5.3631300961883435,,0.0,2_9,,,,,,
87,2-9_0_B6_1,3,2819.7001310005,30089.91742143537,3825.0,19.09646449099718,,568.383594416358,17915.69658503683,1.0,4.960910481408063,,0.0,2_9,,,,,,
88,3-1_0_B10_1,0,1526.0,0.0,0.0,0.0,0,0.0,0.0,0.0,0.0,0,0.0,3_1,0.24808637377451614,0.0,0.24804935623686866,5.235070372545576e-05,0.0,0.0
89,3-1_0_B10_1,1,1538.489528598329,22331.572674009883,3119.0,9.481054097946505,,828.7261314581235,6224.569327874417,0.8858278898040329,1.856451088239964,,0.0,3_1,,,,,,
90,3-1_0_B10_1,2,2792.234335516991,29945.23526470283,1562.0,3.514755416824068,,510.6974947707221,3931.392791776654,0.44362397046293667,5.467491742387666,,0.0,3_1,,,,,,
91,3-1_0_B10_1,3,2819.991792395724,30091.44996974037,3521.0,14.10029155657673,,552.1000129696869,15846.87111977326,1.0,5.1077553453174005,,0.0,3_1,,,,,,
92,3-1_0_B9_1,0,1526.0,0.0,0.0,0.0,0,0.0,0.0,0.0,0.0,0,0.0,3_1,0.24801233869922118,0.0,0.24804935623686866,5.235070372545576e-05,0.0,0.0
93,3-1_0_B9_1,1,1538.473049459164,22331.455019296343,2545.0,8.562129228135284,,865.6007520937076,4586.36581035864,0.8806228373702422,1.7773471727443846,,0.0,3_1,,,,,,
94,3-1_0_B9_1,2,2791.919281701236,29943.571473821838,1434.0,3.837514705508138,,732.8598700486993,3057.943242802017,0.4961937716262976,3.809622269965075,,0.0,3_1,,,,,,
95,3-1_0_B9_1,3,2819.856578072764,30090.739489811425,2890.0,13.48739401636061,,552.8040499798417,12329.80285916565,1.0,5.101005642371093,,0.0,3_1,,,,,,
96,3-2_0_B11_1,0,1522.445910974542,22216.72446871924,1004.0,1.023252561381938,,366.9609648921893,547.0268172716845,0.33838894506235256,4.148795257887516,,0.0,3_2,0.0,0.10287909988619917,0.0,0.0,0.1007715535939303,0.002980520549855629
97,3-2_0_B11_1,1,1538.535183716806,22331.89863066602,2826.0,10.89987402382759,,650.2358372411497,5317.181214423378,0.9524772497472194,2.3661187150873952,,0.0,3_2,,,,,,
98,3-2_0_B11_1,2,2791.0,0.0,0.0,0.0,0,0.0,0.0,0.0,0.0,0,0.0,3_2,,,,,,
99,3-2_0_B11_1,3,2820.054290659668,30091.778359307755,2967.0,9.611198858797568,,567.331982857849,11908.24159369912,1.0,4.9707303234590645,,0.0,3_2,,,,,,
100,3-2_0_B12_1,0,1522.413923248151,22216.494875612094,1228.0,1.204973608752392,,468.4995904550213,890.8840009188527,0.2659735759150964,3.2495523032785054,,0.0,3_2,0.0,0.09866400730166142,0.0,0.0,0.1007715535939303,0.002980520549855629
101,3-2_0_B12_1,1,1538.435631482624,22331.187866976146,4329.0,12.7062510798237,,671.5344871405533,9029.473110645193,0.9376218323586745,2.290925724505087,,0.0,3_2,,,,,,
102,3-2_0_B12_1,2,2791.0,0.0,0.0,0.0,0,0.0,0.0,0.0,0.0,0,0.0,3_2,,,,,,
103,3-2_0_B12_1,3,2820.026546460471,30091.632581224716,4617.0,10.86966368075929,,553.5480306829038,20200.05708806867,1.0,5.094456831472144,,0.0,3_2,,,,,,
104,3-3_0_C1_1,0,1522.388961470031,22216.315709819894,1223.0,1.458013090209974,,525.9944212817779,737.2817205645393,0.2834298957126304,2.894306288952976,,0.0,3_3,0.41782208447875274,0.08169365647993526,0.4310062738907963,0.01864525947540784,0.09065654038462538,0.012675431975988364
105,3-3_0_C1_1,1,1538.4329006746,22331.168369756484,4315.0,15.45442181199323,,642.6603289979267,9024.956799988782,1.0,2.393850734607213,,0.0,3_3,,,,,,
106,3-3_0_C1_1,2,2791.870538793745,29943.314055313567,2067.0,5.678910363983542,,544.9274066190562,6999.54332584492,0.479026651216686,5.123380664803789,,0.0,3_3,,,,,,
107,3-3_0_C1_1,3,2820.028563894909,30091.643181581312,3756.0,14.43712660755869,,554.8597826037428,16752.44939380619,0.8704519119351101,5.0824165893977815,,0.0,3_3,,,,,,
108,3-3_0_C2_1,0,1522.19892415085,22214.95164829052,1204.0,1.547075575243795,,582.2275122864113,837.665143036933,0.293015332197615,2.614440046251275,,0.0,3_3,0.4441904633028399,0.0996194242893155,0.4310062738907963,0.01864525947540784,0.09065654038462538,0.012675431975988364
109,3-3_0_C2_1,1,1538.48122125708,22331.513362869053,4109.0,15.33037230958333,,658.4722237074166,8408.652720218293,1.0,2.3364405754200557,,0.0,3_3,,,,,,
110,3-3_0_C2_1,2,2792.173489305817,29944.913944883265,2211.0,6.525313733701266,,571.4883535560684,7194.68370148581,0.5380871258213678,4.88579246091649,,0.0,3_3,,,,,,
111,3-3_0_C2_1,3,2820.053747973552,30091.775507845086,3781.0,14.758924890826,,560.8760445998143,16197.294394816,0.9201752251155999,5.027944721699896,,0.0,3_3,,,,,,
112,3-4_0_C3_1,0,1526.0,0.0,0.0,0.0,0,0.0,0.0,0.0,0.0,0,0.0,3_4,0.24392927837797904,0.0,0.24565984056180024,0.002447384510893396,0.0,0.0
113,3-4_0_C3_1,1,1538.529937503897,22331.86117535474,2271.0,9.313952798254796,,678.1468695303895,3905.816639208097,0.9246742671009772,2.2687267414053167,,0.0,3_4,,,,,,
114,3-4_0_C3_1,2,2791.511082547128,29941.41564332487,1219.0,2.100744831618739,,323.6299487499346,2279.671997639772,0.4963355048859935,8.625626563084552,,0.0,3_4,,,,,,
115,3-4_0_C3_1,3,2819.864659848683,30090.781955765266,2456.0,9.894628396727583,,554.6037658592962,9345.626784937727,1.0,5.08446720602342,,0.0,3_4,,,,,,
116,3-4_0_C4_1,0,1526.0,0.0,0.0,0.0,0,0.0,0.0,0.0,0.0,0,0.0,3_4,0.24739040274562146,0.0,0.24565984056180024,0.002447384510893396,0.0,0.0
117,3-4_0_C4_1,1,1538.534165667159,22331.89136231061,2873.0,10.63288607625045,,636.1381069661967,5105.225046931218,0.9631243714381496,2.418553689551118,,0.0,3_4,,,,,,
118,3-4_0_C4_1,2,2791.545513049111,29941.59748800606,1453.0,2.618034634364631,,447.1618291686544,3000.885203400821,0.4870935300033523,6.242808153457647,,0.0,3_4,,,,,,
119,3-4_0_C4_1,3,2820.220337903321,30092.650816540554,2983.0,11.07690632500214,,567.9752673915181,12130.16014403143,1.0,4.9653928609523055,,0.0,3_4,,,,,,
120,3-5_0_C5_1,0,1522.43315849332,22216.63293759853,1176.0,1.750928426584281,,461.5887938055822,953.6085592630307,0.2793349168646081,3.298245492360366,,0.0,3_5,0.21546787946969906,0.1040379671084729,0.20244200340580923,0.01842137059134397,0.09099637269951844,0.018443599688112614
121,3-5_0_C5_1,1,1538.557695438701,22332.05935226151,4210.0,16.99553654752301,,650.7974857647396,9165.96686543069,1.0,2.364111308191014,,0.0,3_5,,,,,,
122,3-5_0_C5_1,2,2791.675354929946,29942.283237615244,1511.0,3.920213944336489,,623.4722974240544,3332.641967831001,0.35890736342042756,4.47762533550258,,0.0,3_5,,,,,,
123,3-5_0_C5_1,3,2820.100775265025,30092.022604650752,3486.0,17.56898834684973,,555.2749081527894,15467.00128127295,0.8280285035629453,5.078747002356977,,0.0,3_5,,,,,,
124,3-5_0_C6_1,0,1522.246460565667,22215.292866151787,1062.0,1.643397904675443,,565.2896155899608,628.3040005630763,0.27342945417095776,2.69286117873753,,0.0,3_5,0.1894161273419194,0.07795477829056398,0.20244200340580923,0.01842137059134397,0.09099637269951844,0.018443599688112614
125,3-5_0_C6_1,1,1538.573717405174,22332.17373976764,3884.0,17.94920694006155,,663.8464499489374,8059.852318752977,1.0,2.3176650526993403,,0.0,3_5,,,,,,
126,3-5_0_C6_1,2,2792.45779751898,29946.41530394984,1419.0,3.835473593719403,,545.831937386993,2992.588698424536,0.3653450051493306,5.115966300702439,,0.0,3_5,,,,,,
127,3-5_0_C6_1,3,2820.278050110121,30092.954046022292,3571.0,19.27851139275454,,544.6801713362481,15799.01743541903,0.9194129763130793,5.17786069426984,,0.0,3_5,,,,,,
128,3-6_0_C7_1,0,1522.63337003826,22218.069914211974,1047.0,1.360426349559744,,572.7407307390182,597.3416695109038,0.26038298930614273,2.6585037318257028,,0.0,3_6,0.36181129310121557,0.08217633129836618,0.35514001234642834,0.009434615721818616,0.08655298251628465,0.006189519510156759
129,3-6_0_C7_1,1,1538.626894353256,22332.553387883403,3453.0,13.90980404329278,,679.9266168719864,7269.02333157309,0.858741606565531,2.262930816610378,,0.0,3_6,,,,,,
130,3-6_0_C7_1,2,2792.019224018741,29944.09927686757,1829.0,6.169211032709534,,520.1644104888319,6910.978943837864,0.45486197463317585,5.3675706521230495,,0.0,3_6,,,,,,
131,3-6_0_C7_1,3,2820.232193415116,30092.713107617485,4021.0,20.18903072195372,,577.9518500238469,19101.05924168746,1.0,4.879700953113569,,0.0,3_6,,,,,,
132,3-6_0_C8_1,0,1522.412527032691,22216.484854167713,1206.0,1.621373904128522,,458.9297573313506,954.6788153215701,0.2370748967957539,3.317310552894696,,0.0,3_6,0.34846873159164116,0.09092963373420311,0.35514001234642834,0.009434615721818616,0.08655298251628465,0.006189519510156759
133,3-6_0_C8_1,1,1538.616772326557,22332.481123841477,4824.0,18.86982146074881,,672.2982265981428,10499.09447685885,0.9482995871830155,2.288592638585442,,0.0,3_6,,,,,,
134,3-6_0_C8_1,2,2792.081536220241,29944.428347536945,2358.0,8.61273805541794,,574.4622367460945,8515.413305913697,0.4635344997051307,4.860339562153514,,0.0,3_6,,,,,,
135,3-6_0_C8_1,3,2820.164642456828,30092.358180468364,5087.0,25.60202441283606,,575.3306413186962,24436.66399283315,1.0,4.901815477779564,,0.0,3_6,,,,,,
136,3-7_0_C10_1,0,1526.0,0.0,0.0,0.0,0,0.0,0.0,0.0,0.0,0,0.0,3_7,0.2352262262055345,0.0,0.24277429673091844,0.010674583706745943,0.0,0.0
137,3-7_0_C10_1,1,1538.177129778344,22329.342158267136,5144.0,10.28777171564603,,608.0932157044199,11504.91682171882,0.9376594969012031,2.529508782623907,,0.0,3_7,,,,,,
138,3-7_0_C10_1,2,2792.484943530928,29946.558651053907,2124.0,3.766060593968867,,527.7389525242754,6431.592902124507,0.38716733503463363,5.291413359150283,,0.0,3_7,,,,,,
139,3-7_0_C10_1,3,2820.438740237462,30093.798321961927,5486.0,17.20965873254926,,547.4832122751976,27342.15910306171,1.0,5.151644245887382,,0.0,3_7,,,,,,
140,3-7_0_C9_1,0,1526.0,0.0,0.0,0.0,0,0.0,0.0,0.0,0.0,0,0.0,3_7,0.25032236725630236,0.0,0.24277429673091844,0.010674583706745943,0.0,0.0
141,3-7_0_C9_1,1,1538.657557883744,22332.772302127007,4228.0,9.842718534004174,,631.6018038889583,8478.307401309174,1.0,2.436119638053242,,0.0,3_7,,,,,,
142,3-7_0_C9_1,2,2792.43622067518,29946.30136486525,1768.0,3.655592394458839,,546.4916692582373,4704.629191825866,0.4181646168401135,5.109750756979338,,0.0,3_7,,,,,,
143,3-7_0_C9_1,3,2820.3516402874,30093.340696424813,4119.0,15.85762646942366,,541.177451452794,18794.28212265525,0.9742194891201513,5.211509889623357,,0.0,3_7,,,,,,
144,4-10_0_C11_1,0,1522.606408906129,22217.876411869016,1219.0,1.630464514879842,,599.60746405706,770.4849585960362,0.29673807205452774,2.53933865099657,,0.0,4_10,0.08441185841087152,0.0929053524274467,0.08982136414500277,0.007650196374943446,0.09695881205742807,0.0057324575832515805
145,4-10_0_C11_1,1,1538.551828249734,22332.01746380003,4108.0,15.33327056680253,,673.260589306381,8293.224647070114,1.0,2.285224848575808,,0.0,4_10,,,,,,
146,4-10_0_C11_1,2,2791.619102165786,29941.98614508193,1126.0,1.86099819121756,,531.4153268844059,1452.532635027423,0.27409931840311585,5.253177620097175,,0.0,4_10,,,,,,
147,4-10_0_C11_1,3,2820.123932951751,30092.144281960682,3906.0,23.48223012993257,,601.2892673746608,17207.68458807382,0.950827653359299,4.690128505477787,,0.0,4_10,,,,,,
148,4-10_0_C12_1,0,1522.470106816799,22216.898133666964,1348.0,1.67521748257277,,535.4317368878986,1112.676305564995,0.27403943891034765,2.843443901300817,,0.0,4_10,0.09523086987913403,0.10101227168740944,0.08982136414500277,0.007650196374943446,0.09695881205742807,0.0057324575832515805
149,4-10_0_C12_1,1,1538.480881758399,22331.5109389789,4910.0,15.9173222384498,,666.1871198411999,11015.25871042937,0.9981703598292336,2.3093825082135018,,0.0,4_10,,,,,,
150,4-10_0_C12_1,2,2791.86533924537,29943.286595594604,1259.0,2.09587833022902,,345.3932755799042,2308.165042349678,0.25594633055499083,8.083149084352954,,0.0,4_10,,,,,,
151,4-10_0_C12_1,3,2820.105500393403,30092.047431908737,4919.0,26.04910120496236,,560.7666259371115,24237.57175881283,1.0,5.029018079812885,,0.0,4_10,,,,,,
152,4-11_0_E5_1,0,1526.0,0.0,0.0,0.0,0,0.0,0.0,0.0,0.0,0,0.0,4_11,0.14798568114824356,0.0,0.14024411325530806,0.01094823030822118,0.0,0.0
153,4-11_0_E5_1,1,1538.717545375635,22333.20056073939,2343.0,9.702752429200023,,881.8681841236404,3982.782995782603,1.0,1.744838483888316,,0.0,4_11,,,,,,
154,4-11_0_E5_1,2,2790.887017912931,29938.119449150734,955.0,1.160353400064193,,306.1004800900857,1322.726206156718,0.4075970977379428,9.117551913318039,,0.0,4_11,,,,,,
155,4-11_0_E5_1,3,2820.345880507045,30093.310434127612,2319.0,11.36962379107428,,529.0622268638589,8938.203993072051,0.9897567221510883,5.3308396201809956,,0.0,4_11,,,,,,
156,4-11_0_E6_1,0,1526.0,0.0,0.0,0.0,0,0.0,0.0,0.0,0.0,0,0.0,4_11,0.13250254536237252,0.0,0.14024411325530806,0.01094823030822118,0.0,0.0
157,4-11_0_E6_1,1,1538.726310899772,22333.263138265524,1877.0,7.979250497928711,,927.6088468447996,2839.109837889505,0.7756198347107438,1.658809439057905,,0.0,4_11,,,,,,
158,4-11_0_E6_1,2,2791.715407965341,29942.4947712863,846.0,1.016997698166188,,185.4171274999271,1329.274234041343,0.3495867768595041,15.056405228618585,,0.0,4_11,,,,,,
159,4-11_0_E6_1,3,2820.388481517504,30093.534262137007,2420.0,12.38044996745995,,588.3500014838287,10032.06565131257,1.0,4.7937256299896935,,0.0,4_11,,,,,,
160,4-12_0_E7_1,0,1522.498524121185,22217.102096255192,870.0,1.423715622955998,,467.4058223255173,533.5314592632955,0.34346624555862615,3.257337524265723,,0.0,4_12,0.4503658114975996,0.12208448540948975,0.45323360799418,0.00405567669958847,0.06104224270474488,0.08632676751072033
161,4-12_0_E7_1,1,1538.720337401288,22333.220493173183,2363.0,11.72844856556803,,906.4693205858393,4370.182316563408,0.9328859060402684,1.697487496219765,,0.0,4_12,,,,,,
162,4-12_0_E7_1,2,2792.728643973204,29947.845502838718,1484.0,6.660527366832586,,570.2800819655047,4528.220556063184,0.5858665613896565,4.897117630950561,,0.0,4_12,,,,,,
163,4-12_0_E7_1,3,2820.833415816438,30095.87186855024,2533.0,15.73682981441289,,630.2479192569484,10054.53886698351,1.0,4.475752048721006,,0.0,4_12,,,,,,
164,4-12_0_E8_1,0,1526.0,0.0,0.0,0.0,0,0.0,0.0,0.0,0.0,0,0.0,4_12,0.45610140449076036,0.0,0.45323360799418,0.00405567669958847,0.06104224270474488,0.08632676751072033
165,4-12_0_E8_1,1,1538.667523673585,22332.843449798555,1396.0,6.485527293362825,,644.3192305628736,2104.067143131565,0.5633575464083939,2.388051528943834,,0.0,4_12,,,,,,
166,4-12_0_E8_1,2,2792.078207352366,29944.410767883383,1434.0,7.894104361854518,,560.7876097708935,4983.230521775915,0.5786924939467313,4.978851455889072,,0.0,4_12,,,,,,
167,4-12_0_E8_1,3,2820.202781271009,30092.558570465997,2478.0,18.50622154691427,,591.6642592239643,10925.70746924079,1.0,4.7665593067426935,,0.0,4_12,,,,,,
168,4-13_0_E10_1,0,1522.778409666862,22219.11084629186,875.0,1.082703208350077,,314.6161617601182,395.2683255485883,0.26299969942891493,4.8401150187189605,,0.0,4_13,0.0563451471388787,0.10740783291929051,0.06774883599562226,0.016127251442289707,0.11286102282111692,0.007711975117358946
169,4-13_0_E10_1,1,1538.60769053599,22332.416286138254,2075.0,9.10071142151333,,659.1643791503654,3680.069831085828,0.6236850015028554,2.334179059431563,,0.0,4_13,,,,,,
170,4-13_0_E10_1,2,2791.404092781729,29940.850569669972,857.0,1.122069796219799,,257.3256566285288,889.2449743856719,0.2575894198978058,10.847748838396457,,0.0,4_13,,,,,,
171,4-13_0_E10_1,3,2820.168495389649,30092.37842471546,3327.0,22.52663581648914,,577.1204753077898,15782.10404161114,1.0,4.88662006643517,,0.0,4_13,,,,,,
172,4-13_0_E9_1,0,1522.694788053673,22218.51071008133,963.0,1.243276407024128,,640.0270219634288,642.7940544554704,0.2995334370139969,2.3791101559781955,,0.0,4_13,0.07915252485236582,0.11831421272294332,0.06774883599562226,0.016127251442289707,0.11286102282111692,0.007711975117358946
173,4-13_0_E9_1,1,1538.736925550338,22333.338916558983,2948.0,12.4582109616944,,882.8029598945068,5432.940300762536,0.9169517884914463,1.7430128754147063,,0.0,4_13,,,,,,
174,4-13_0_E9_1,2,2791.80964820404,29942.992479897126,923.0,1.401385270523837,,361.0018485616432,1098.421397963389,0.2870917573872473,7.733505131144286,,0.0,4_13,,,,,,
175,4-13_0_E9_1,3,2820.293589769332,30093.035693424958,3215.0,20.41770903214745,,564.3268315726376,13877.27555137564,1.0,4.997624482801712,,0.0,4_13,,,,,,
176,4-2_0_D1_1,0,1522.52581546224,22217.297975535155,1366.0,1.456747344196371,,608.6165293086607,1026.362808019693,0.23818657367044463,2.501617590294017,,0.0,4_2,0.1143683050381682,0.08102783306450137,0.11210604247226755,0.003199322402346333,0.08053898026928166,0.0006913422530030753
177,4-2_0_D1_1,1,1538.44094278152,22331.225788142212,5735.0,17.5629061819698,,672.885593850118,12666.79323884507,1.0,2.286333600900661,,0.0,4_2,,,,,,
178,4-2_0_D1_1,2,2791.931208106343,29943.634458585373,1441.0,2.53483038931283,,520.0258152032775,2595.496684492498,0.2512641673931997,5.368831943496844,,0.0,4_2,,,,,,
179,4-2_0_D1_1,3,2820.033553336852,30091.669397962636,4931.0,23.99538678275551,,543.8979052678644,22694.19559576669,0.8598081952920663,5.184858272156818,,0.0,4_2,,,,,,
180,4-2_0_D2_1,0,1522.40963834912,22216.464120403376,1080.0,1.065194682000319,,438.9836768944283,570.4743797952042,0.29572836801752467,3.4680324542346166,,0.0,4_2,0.10984377990636691,0.08005012747406194,0.11210604247226755,0.003199322402346333,0.08053898026928166,0.0006913422530030753
181,4-2_0_D2_1,1,1538.505755810518,22331.688529439707,3652.0,12.12448448393873,,677.5740460596248,7126.464351728245,1.0,2.270609042299612,,0.0,4_2,,,,,,
182,4-2_0_D2_1,2,2792.060140710339,29944.315358291744,1080.0,1.503290007092096,,476.7618396746429,1609.072318185435,0.29572836801752467,5.856299536505958,,0.0,4_2,,,,,,
183,4-2_0_D2_1,3,2820.048106513039,30091.745865621866,3349.0,16.44372663248243,,570.2047279472051,14648.7340435393,0.9170317634173056,4.945676470739726,,0.0,4_2,,,,,,
184,4-3_0_D3_1,0,1526.0,0.0,0.0,0.0,0,0.0,0.0,0.0,0.0,0,0.0,4_3,0.0,0.0,0.0,0.0,0.0,0.0
185,4-3_0_D3_1,1,1538.545930158808,22331.975354634455,4610.0,18.23646270879871,,879.9086265554965,9688.200174130203,1.0,1.748529203744283,,0.0,4_3,,,,,,
186,4-3_0_D3_1,2,2791.0,0.0,0.0,0.0,0,0.0,0.0,0.0,0.0,0,0.0,4_3,,,,,,
187,4-3_0_D3_1,3,2820.242066072372,30092.76498030441,4449.0,17.73701268925514,,572.7344352373597,19131.11984197906,0.9650759219088937,4.924170597326792,,0.0,4_3,,,,,,
188,4-3_0_D4_1,0,1526.0,0.0,0.0,0.0,0,0.0,0.0,0.0,0.0,0,0.0,4_3,0.0,0.0,0.0,0.0,0.0,0.0
189,4-3_0_D4_1,1,1538.529698807184,22331.85947117919,3109.0,16.33145875222266,,925.0082875558098,5921.67469621732,1.0,1.663260448046913,,0.0,4_3,,,,,,
190,4-3_0_D4_1,2,2791.0,0.0,0.0,0.0,0,0.0,0.0,0.0,0.0,0,0.0,4_3,,,,,,
191,4-3_0_D4_1,3,2819.897106028113,30090.952444646937,2608.0,12.62649256588002,,554.8285289278195,10243.25891718435,0.8388549372788678,5.082465949394191,,0.0,4_3,,,,,,
192,4-4_0_D5_1,0,1522.604684973116,22217.864038996,898.0,1.120044347233874,,439.7311807605414,504.4900465723938,0.3776282590412111,3.462580666532858,,0.0,4_4,0.4081681068463379,0.15735911617775192,0.4195518281114925,0.016099013003458274,0.07867955808887596,0.11126969813081014
193,4-4_0_D5_1,1,1538.633310284971,22332.599192929534,1937.0,7.519589680601216,,658.9756004619646,3205.9791566351,0.8145500420521447,2.334886616752329,,0.0,4_4,,,,,,
194,4-4_0_D5_1,2,2792.047357009914,29944.247847624785,1397.0,3.886896422874696,,541.0534219523258,3734.184109836398,0.5874684608915055,5.160391273259392,,0.0,4_4,,,,,,
195,4-4_0_D5_1,3,2820.062276308413,30091.820318667225,2378.0,10.12369630749098,,601.8552230021171,9148.64254997316,1.0,4.685615690500526,,0.0,4_4,,,,,,
196,4-4_0_D6_1,0,1526.0,0.0,0.0,0.0,0,0.0,0.0,0.0,0.0,0,0.0,4_4,0.43093554937664713,0.0,0.4195518281114925,0.016099013003458274,0.07867955808887596,0.11126969813081014
197,4-4_0_D6_1,1,1538.670074542891,22332.861660902905,2158.0,7.720033139865262,,890.5793671240668,3466.969669913187,0.7927994121969141,1.727718080323029,,0.0,4_4,,,,,,
198,4-4_0_D6_1,2,2792.205497262601,29945.0829745997,1539.0,3.820690023712145,,644.9690870105036,4324.438642469546,0.5653930933137399,4.3292082574139386,,0.0,4_4,,,,,,
199,4-4_0_D6_1,3,2820.501074279737,30094.12582233904,2722.0,10.21878670985117,,621.8447559253713,10035.00093859718,1.0,4.535699702223155,,0.0,4_4,,,,,,
200,4-5_0_D7_1,0,1522.602246274068,22217.84653614975,1064.0,1.061831915584656,,311.0426821192317,667.3791936844963,0.30885341074020317,4.895155339775556,,0.0,4_5,0.27534680314825055,0.10119603942093633,0.2716364568159679,0.005247222104216779,0.08667516169720871,0.020535622214457
201,4-5_0_D7_1,1,1538.646860295251,22332.69592974648,3445.0,11.38092657517649,,668.9844536969662,6594.91416367055,1.0,2.299974015528051,,0.0,4_5,,,,,,
202,4-5_0_D7_1,2,2792.425428893997,29946.244377416442,1326.0,3.136745906764363,,502.4511717583958,3306.522440510267,0.3849056603773585,5.5576055661717865,,0.0,4_5,,,,,,
203,4-5_0_D7_1,3,2820.345456734107,30093.3082075931,2981.0,14.39008597506507,,582.0441233304555,12008.57392460805,0.865312046444122,4.8455870331549695,,0.0,4_5,,,,,,
204,4-5_0_D8_1,0,1522.751858904002,22218.92029838461,1083.0,1.012250646190266,,514.6470490532988,550.9043995521956,0.2721789394320181,2.95882753375372,,0.0,4_5,0.2679261104836852,0.0721542839734811,0.2716364568159679,0.005247222104216779,0.08667516169720871,0.020535622214457
205,4-5_0_D8_1,1,1538.652681746949,22332.737490373016,3979.0,14.29926788231243,,909.7038790548484,7635.089272795913,1.0,1.6913775099492345,,0.0,4_5,,,,,,
206,4-5_0_D8_1,2,2792.279147482239,29945.471907777475,1411.0,3.799333354351428,,503.0074827968035,3616.268167196,0.3546117114852978,5.551168209181923,,0.0,4_5,,,,,,
207,4-5_0_D8_1,3,2820.28734939363,30093.00290570195,3222.0,17.07140825851512,,616.2289751839776,13497.2592281789,0.8097511937672782,4.576687340207626,,0.0,4_5,,,,,,
208,4-6_0_D10_1,0,1526.0,0.0,0.0,0.0,0,0.0,0.0,0.0,0.0,0,0.0,4_6,0.1256502503728511,0.0,0.12389002542700345,0.0024893339912456193,0.0,0.0
209,4-6_0_D10_1,1,1538.73973862996,22333.358999170465,1885.0,8.94912552130397,,655.8886029886903,3023.236625206323,0.6708185053380783,2.34603823213024,,0.0,4_6,,,,,,
210,4-6_0_D10_1,2,2792.282039904838,29945.487182019737,882.0,2.019712788109519,,442.9003424643529,1490.341516384853,0.31387900355871884,6.3045380014118555,,0.0,4_6,,,,,,
211,4-6_0_D10_1,3,2820.295189395011,30093.04409805462,2810.0,20.71799532887624,,596.8957608552587,11861.03101237327,1.0,4.724937542451244,,0.0,4_6,,,,,,
212,4-6_0_D9_1,0,1526.0,0.0,0.0,0.0,0,0.0,0.0,0.0,0.0,0,0.0,4_6,0.12212980048115579,0.0,0.12389002542700345,0.0024893339912456193,0.0,0.0
213,4-6_0_D9_1,1,1538.694951096574,22333.03925819272,3884.0,14.34734858833123,,897.149943055566,7450.205896628565,0.8256802721088435,1.7150922908783746,,0.0,4_6,,,,,,
214,4-6_0_D9_1,2,2792.182037228199,29944.959085408256,1163.0,2.361483458452795,,477.1204945098081,2656.556783122878,0.24723639455782312,5.852152798627686,,0.0,4_6,,,,,,
215,4-6_0_D9_1,3,2820.336685206474,30093.262121296968,4704.0,24.7488222716732,,536.1886164137676,21751.91290460493,1.0,5.259971209515699,,0.0,4_6,,,,,,
216,4-7_0_D11_1,0,1522.726547248583,22218.73864166617,973.0,1.434236137252519,,699.039407543379,533.3480462376929,0.25431259801359124,2.1783128831032177,,0.0,4_7,0.35555246246604216,0.08473774181684263,0.8987065151751717,0.4703852078145779,1.5441837745068536,1.2639173397619636
217,4-7_0_D11_1,1,1538.734745821866,22333.323355436736,3218.0,16.25377648132693,,817.6042759433951,6294.102660777817,0.8410872974385781,1.8820042789604938,,0.0,4_7,,,,,,
218,4-7_0_D11_1,2,2792.889252980073,29948.693562044315,1903.0,8.344152640970867,,553.0589802614112,6186.015012874583,0.4973863042341871,5.049894048660007,,0.0,4_7,,,,,,
219,4-7_0_D11_1,3,2820.341995081016,30093.29001980415,3826.0,23.38152633906565,,557.9571234166182,17398.3185771506,1.0,5.05476474215584,,0.0,4_7,,,,,,
220,4-7_0_D12_1,0,1522.564475931953,22217.575451900775,1297.0,1.776997158675967,,612.300733395923,1279.902582937886,0.27403338263257976,2.4866285354380584,,0.0,4_7,1.1702835415297366,2.273906790851859,0.8987065151751717,0.4703852078145779,1.5441837745068536,1.2639173397619636
221,4-7_0_D12_1,1,1529.077549318807,22264.270802464966,1155.0,1.127020168453112,,1238.400220245414,562.8650163177552,0.24403126980773293,1.2347200237220481,,0.0,4_7,,,,,,
222,4-7_0_D12_1,2,1538.560967955737,22332.082716175457,4374.0,15.49485352390091,,599.670749896234,10119.67998306222,0.9241495879991549,2.565676195182051,,0.0,4_7,,,,,,
223,4-7_0_D12_1,3,2792.249765308824,29945.31674658158,2288.0,7.624411283528715,,566.6815295215158,8647.203539950906,0.48341432495246145,4.927370347973919,,0.0,4_7,,,,,,
224,4-7_0_D12_1,4,2820.382044762017,30093.500443186007,4733.0,22.17761402299252,,534.9587220605999,24138.55044206764,1.0,5.272148912533339,,0.0,4_7,1.1702835415297366,2.273906790851859,0.8987065151751717,0.4703852078145779,1.5441837745068536,1.2639173397619636
225,4-8_0_E1_1,0,1522.341847290734,22215.977538791223,1456.0,1.079185181753628,,401.7245556110041,795.9333023606599,0.21705426356589147,3.7895165382044516,,0.0,4_8,0.0,0.04888904793647723,0.0,0.0,0.053633009382561006,0.006708974616426889
226,4-8_0_E1_1,1,1537.949366793322,22327.715794948534,6708.0,15.68647855822965,,634.6827978507856,16280.40094777129,1.0,2.423177959133682,,0.0,4_8,,,,,,
227,4-8_0_E1_1,2,2791.0,0.0,0.0,0.0,0,0.0,0.0,0.0,0.0,0,0.0,4_8,,,,,,
228,4-8_0_E1_1,3,2820.119273384215,30092.11979926052,5250.0,12.08294750334047,,545.7934120625611,22999.92007050282,0.7826475849731663,5.167008635606179,,0.0,4_8,,,,,,
229,4-8_0_E2_1,0,1522.648316042731,22218.177182214185,1062.0,1.116982637790803,,345.2090921664955,443.6658515409079,0.279768177028451,4.410800151545118,,0.0,4_8,0.0,0.05837697082864479,0.0,0.0,0.053633009382561006,0.006708974616426889
230,4-8_0_E2_1,1,1538.604594257346,22332.39418080609,3796.0,14.42820950240052,,836.0530800039405,7600.014958693387,1.0,1.840319270458395,,0.0,4_8,,,,,,
231,4-8_0_E2_1,2,2791.0,0.0,0.0,0.0,0,0.0,0.0,0.0,0.0,0,0.0,4_8,,,,,,
232,4-8_0_E2_1,3,2820.207848936856,30092.585197030705,3036.0,11.7186286128715,,538.7094560458546,11555.25339819079,0.7997892518440464,5.235118517572117,,0.0,4_8,,,,,,
233,4-9_0_E3_1,0,1522.4864531269,22217.015458038994,1063.0,1.431029023774012,,519.4007954805994,524.7331137989521,0.32788402220851326,2.931236275289393,,0.0,4_9,0.20859517178979756,0.08670137920003627,0.21614260272031544,0.010673679183013141,0.09616509150900837,0.01338371029774542
234,4-9_0_E3_1,1,1538.644655681105,22332.68019049954,3242.0,13.24645779349491,,884.9742153306463,6052.188773010113,1.0,1.7386321872736514,,0.0,4_9,,,,,,
235,4-9_0_E3_1,2,2792.236338062016,29945.245839785865,1333.0,3.132858914715482,,623.4308359264628,2688.745183220103,0.4111659469463294,4.478822953812596,,0.0,4_9,,,,,,
236,4-9_0_E3_1,3,2820.237800291102,30092.74256714663,3069.0,15.0582924820516,,572.3402901713939,12889.77669113821,0.9466378778531771,4.927554199349742,,0.0,4_9,,,,,,
237,4-9_0_E4_1,0,1522.382483844386,22216.26921573693,1039.0,1.043532761983884,,349.6493893087343,634.3882357524723,0.33810608525870484,4.354025862462321,,0.0,4_9,0.22369003365083334,0.10562880381798045,0.21614260272031544,0.010673679183013141,0.09616509150900837,0.01338371029774542
238,4-9_0_E4_1,1,1538.655761282926,22332.75947582686,3073.0,9.91559562441752,,677.1863548864244,6005.826183979609,1.0,2.272130485471735,,0.0,4_9,,,,,,
239,4-9_0_E4_1,2,2792.429145780411,29946.264004946563,1246.0,2.118974061461266,,510.5457084482085,2801.181728142965,0.4054669703872437,5.469498811904487,,0.0,4_9,,,,,,
240,4-9_0_E4_1,3,2820.273349993775,30092.92935095114,2942.0,11.54542784753709,,558.6646229428745,12522.60408040995,0.9573706475756589,5.0482404544204655,,0.0,4_9,,,,,,
241,5-1_0_E11_1,0,1522.583130340461,22217.70933822722,1380.0,1.448173752956444,,603.3614114317871,1001.694208662421,0.2575107296137339,2.523501008669654,,0.0,5_1,0.13003726176479005,0.0882495054444078,0.13255105194166814,0.003555036161101054,0.08147832800252877,0.009575890971539996
242,5-1_0_E11_1,1,1538.583389574913,22332.24279313328,5359.0,14.04126307827148,,640.2606831705127,11350.70620076655,1.0,2.4030577388509755,,0.0,5_1,,,,,,
243,5-1_0_E11_1,2,2792.191498278845,29945.00904796944,1459.0,2.50238021991898,,638.1271554143985,3262.090604564768,0.2722522858742303,4.375603631012382,,0.0,5_1,,,,,,
244,5-1_0_E11_1,3,2820.241813954324,30092.76365563275,5203.0,20.27933171949022,,564.3778989649564,25085.81432962808,0.9708900914349692,4.997080536155862,,0.0,5_1,,,,,,
245,5-1_0_E12_1,0,1522.271700153605,22215.474034510167,1548.0,1.229140257784836,,543.0018782375846,1146.888851814628,0.20560499402311064,2.803437264516333,,0.0,5_1,0.13506484211854622,0.07470715056064975,0.13255105194166814,0.003555036161101054,0.08147832800252877,0.009575890971539996
246,5-1_0_E12_1,1,1538.07573052819,22328.618122273405,6540.0,13.41717237070404,,610.3958649328744,15351.79488452776,0.8686412538185682,2.519800376919875,,0.0,5_1,,,,,,
247,5-1_0_E12_1,2,2791.907142733225,29943.50736634826,1788.0,2.730410206148276,,597.319894384585,5240.536480950975,0.23748173728250763,4.674056847896736,,0.0,5_1,,,,,,
248,5-1_0_E12_1,3,2820.223196513825,30092.66583622708,7529.0,24.09817861184036,,544.0450466794227,38800.15256932195,1.0,5.183804564947422,,0.0,5_1,,,,,,
249,5-2_0_F1_1,0,1521.939819959861,22213.091695739677,1314.0,1.418663403275302,,367.1558197615036,744.9401313704526,0.2719370860927152,4.145215023279435,,0.0,5_2,0.09782918521413012,0.07436715209672018,0.09135749263504897,0.009152355416845837,0.0664289640359664,0.01122629321618619
250,5-2_0_F1_1,1,1538.509858679346,22331.717822089602,4832.0,14.37021195893562,,882.1533162172559,10017.05874660362,1.0,1.744039080731,,0.0,5_2,,,,,,
251,5-2_0_F1_1,2,2791.476153656904,29941.231165244666,1090.0,1.717969410715516,,459.7178628525032,1685.169110900946,0.2255794701986755,6.072150723785399,,0.0,5_2,,,,,,
252,5-2_0_F1_1,3,2819.930862353197,30091.1298166509,3780.0,20.33314402565334,,570.2831994968761,17225.62757946333,0.7822847682119205,4.944790351251868,,0.0,5_2,,,,,,
253,5-2_0_F2_1,0,1522.618361026131,22217.96219346638,1289.0,1.309989016580258,,641.3154786573085,656.1689221496357,0.23799852289512555,2.3742111514507087,,0.0,5_2,0.08488580005596781,0.05849077597521263,0.09135749263504897,0.009152355416845837,0.0664289640359664,0.01122629321618619
254,5-2_0_F2_1,1,1538.518391665134,22331.77874366842,5416.0,16.49084173087375,,871.3190000731875,11218.33162937877,1.0,1.7657349277772025,,0.0,5_2,,,,,,
255,5-2_0_F2_1,2,2791.525120096101,29941.48978277092,1077.0,1.473768602915653,,350.5513522211985,1758.529059938991,0.1988552437223043,7.963241626107447,,0.0,5_2,,,,,,
256,5-2_0_F2_1,3,2819.906234187584,30091.000408503132,4374.0,22.47637977264561,,553.9303955430603,20716.41026861429,0.8076070901033974,5.0907230527095635,,0.0,5_2,,,,,,
257,5-3_0_F3_1,0,1522.203244477939,22214.982659954836,1370.0,1.509897437541111,,623.9434352848641,925.8742709044909,0.23813662436989397,2.439649427167978,,0.0,5_3,0.28995579498500246,0.0778432063651484,0.2946571681196068,0.006648745648732745,0.07732442173077825,0.0007336722658766748
258,5-3_0_F3_1,1,1538.601668621126,22332.373293724606,5753.0,16.8731961953626,,901.2784175986504,11894.09216472125,1.0,1.7071324893372548,,0.0,5_3,,,,,,
259,5-3_0_F3_1,2,2792.291776568135,29945.538599120235,2076.0,7.070490920519991,,607.7954585160352,6320.203439915093,0.36085520597948895,4.594130702104394,,0.0,5_3,,,,,,
260,5-3_0_F3_1,3,2820.174503183707,30092.409991100147,4698.0,23.83874396309562,,589.1915878709164,21797.12752504911,0.8166174169998262,4.78651522058317,,0.0,5_3,,,,,,
261,5-3_0_F4_1,0,1522.532596047902,22217.346641840275,1149.0,1.312847380421052,,380.0464714521509,664.9000630806963,0.27481463764649605,4.006174798124902,,0.0,5_3,0.29935854125421113,0.0768056370964081,0.2946571681196068,0.006648745648732745,0.07732442173077825,0.0007336722658766748
262,5-3_0_F4_1,1,1538.640271304069,22332.648889390613,4181.0,14.85032362771069,,873.2403417266764,8656.917489612115,1.0,1.7619894521383235,,0.0,5_3,,,,,,
263,5-3_0_F4_1,2,2792.320101491672,29945.688176071228,1702.0,6.324266859833226,,630.3460773033396,5248.056766501818,0.40707964601769914,4.429820700142046,,0.0,5_3,,,,,,
264,5-3_0_F4_1,3,2820.204036591143,30092.565166179927,3830.0,22.22263467950393,,548.9580417134819,17531.00728148338,0.9160487921549868,5.137376306189708,,0.0,5_3,,,,,,
265,5-4_0_F5_1,0,1522.590683890419,22217.763551292126,1128.0,1.363420658117207,,632.7943129461529,546.3960074471335,0.24840343536665932,2.4061383813668735,,0.0,5_4,0.08040566159857204,0.06198341185189349,0.08685592803036289,0.009122054268758553,0.059342715377506586,0.0037345087681887996
266,5-4_0_F5_1,1,1538.602855633548,22332.381768200037,4541.0,17.01364532631174,,929.324255663102,8815.197342681322,1.0,1.6556146536127012,,0.0,5_4,,,,,,
267,5-4_0_F5_1,2,2791.960382391486,29943.788530879476,943.0,1.241901071278488,,378.2846015227042,1070.87252317046,0.20766351024003524,7.380581633915426,,0.0,5_4,,,,,,
268,5-4_0_F5_1,3,2820.22594797827,30092.680292940426,3163.0,16.59017346753496,,588.21621716148,13318.37213798236,0.6965426117595244,4.794539602440182,,0.0,5_4,,,,,,
269,5-4_0_F6_1,0,1522.604740153371,22217.86443503139,1110.0,1.480621770355729,,622.1062546316484,530.5785286522452,0.2459016393442623,2.447499488740732,,0.0,5_4,0.09330619446215374,0.05670201890311969,0.08685592803036289,0.009122054268758553,0.059342715377506586,0.0037345087681887996
270,5-4_0_F6_1,1,1538.651115881944,22332.72631132549,4514.0,17.33892503525008,,674.5132773710615,9357.312824412558,1.0,2.2811279888794616,,0.0,5_4,,,,,,
271,5-4_0_F6_1,2,2792.383283944163,29946.021824283605,950.9999999999999,1.406933813846705,,401.7030307981755,1439.76883037984,0.21067789100575984,6.951362249858448,,0.0,5_4,,,,,,
272,5-4_0_F6_1,3,2820.39234078142,30093.55453883335,3432.0,18.00458859253243,,574.8361764522526,15430.58141722659,0.7603012848914489,4.906428050837349,,0.0,5_4,,,,,,
273,5-5_0_F7_1,0,1526.0,0.0,0.0,0.0,0,0.0,0.0,0.0,0.0,0,0.0,5_5,0.08175108493440152,0.0,0.08679652881703373,0.007135335167011064,0.06498390317219323,0.09190111720205565
274,5-5_0_F7_1,1,1538.632564160494,22332.59386615303,3563.0,14.43018073940301,,912.839733750148,6662.388715959653,1.0,1.6855451261301373,,0.0,5_5,,,,,,
275,5-5_0_F7_1,2,2791.668717888244,29942.248184997297,997.0,1.217356590144171,,660.2792276499031,912.7740549194015,0.27982037608756666,4.228012333243441,,0.0,5_5,,,,,,
276,5-5_0_F7_1,3,2820.21434186306,30092.619312172726,2937.0,12.32948194273809,,544.2524760990254,11165.28368585967,0.8243053606511367,5.181812606673247,,0.0,5_5,,,,,,
277,5-5_0_F8_1,0,1522.927555722086,22220.181197482816,1119.0,2.066280436082822,,468.0165817993504,837.7391041085499,0.31213389121338914,3.2540034155777,,0.0,5_5,0.09184197269966596,0.12996780634438646,0.08679652881703373,0.007135335167011064,0.06498390317219323,0.09190111720205565
278,5-5_0_F8_1,1,1538.649348851152,22332.71369610518,3585.0,16.67165831296997,,946.9941649892861,6445.743201118001,1.0,1.624771731163264,,0.0,5_5,,,,,,
279,5-5_0_F8_1,2,2791.839184502312,29943.148467456107,956.0,1.078213278903851,,444.0417387944654,794.7105334089619,0.26666666666666666,6.2873350421559735,,0.0,5_5,,,,,,
280,5-5_0_F8_1,3,2820.51092710785,30094.177588338338,2516.0,12.00679834601025,,602.4554512191726,8653.021162859368,0.701813110181311,4.681692100884902,,0.0,5_5,,,,,,
281,5-6_0_F11_1,0,1522.654464020767,22218.221306315427,1233.0,1.640027052816279,,617.8184330678314,730.2750547228395,0.26351784569352427,2.464566258503964,,0.0,5_6,0.22939813847731128,0.07730853163803106,0.24258270208407073,0.018645788666649777,0.07808865170916415,0.0011032563848757365
282,5-6_0_F11_1,1,1538.742582640499,22333.379302579306,4679.0,16.51757253602373,,867.4142631940202,9446.241433508083,1.0,1.7739419881966114,,0.0,5_6,,,,,,
283,5-6_0_F11_1,2,2792.804200776406,29948.244466373442,1390.0,3.523774817644518,,608.5150588034523,3530.35799088501,0.2970720239367386,4.589539996377426,,0.0,5_6,,,,,,
284,5-6_0_F11_1,3,2820.295560240793,30093.04604652353,3554.0,17.58513242078633,,581.0770941750707,15389.65405002265,0.7595640094037187,4.853565195586725,,0.0,5_6,,,,,,
285,5-6_0_F12_1,0,1522.177966673133,22214.801213155428,1467.0,2.099429173786167,,841.186075327987,1029.15481859639,0.24116389939174748,1.8095615361673933,,0.0,5_6,0.2557672656908302,0.07886877178029725,0.24258270208407073,0.018645788666649777,0.07808865170916415,0.0011032563848757365
286,5-6_0_F12_1,1,1538.622094130181,22332.519117748692,6083.0,21.21094228930942,,875.9491133329541,13048.9520169438,1.0,1.756519951570909,,0.0,5_6,,,,,,
287,5-6_0_F12_1,2,2792.138043714265,29944.726760333666,1700.0,4.841393629979963,,537.4289060210398,5622.41607907721,0.27946736807496303,5.195362609701079,,0.0,5_6,,,,,,
288,5-6_0_F12_1,3,2820.228642379922,30092.694449828166,4760.0,23.8962526201514,,560.2528925609189,21982.54754724379,0.7825086306098964,5.033849320239369,,0.0,5_6,,,,,,
289,5-7_0_F10_1,0,1522.514404125805,22217.216072690142,902.0,1.049824633406647,,392.5109419103799,590.8421254186551,0.31417624521072796,3.8789094559138,,0.0,5_7,0.19094536410584767,0.15713972730312015,0.2393952962928469,0.06851855119491113,0.07856986365156007,0.11111456676984112
290,5-7_0_F10_1,1,1538.710961660332,22333.153559139944,2200.0,9.065838084706039,,841.1697482949623,3759.979322599495,0.7662835249042146,1.8292514260995174,,0.0,5_7,,,,,,
291,5-7_0_F10_1,2,2792.554178659439,29946.924250552358,1014.0,3.136406631082696,,467.1667782223937,2374.614810935069,0.35318704284221525,5.977638626799036,,0.0,5_7,,,,,,
292,5-7_0_F10_1,3,2820.2451551042,30092.78121060494,2871.0,20.93144254900271,,591.3667949065873,12436.09564471404,1.0,4.769028595103463,,0.0,5_7,,,,,,
293,5-7_0_F9_1,0,1526.0,0.0,0.0,0.0,0,0.0,0.0,0.0,0.0,0,0.0,5_7,0.2878452284798461,0.0,0.2393952962928469,0.06851855119491113,0.07856986365156007,0.11111456676984112
294,5-7_0_F9_1,1,1538.66690988278,22332.839067835834,1109.0,4.320554858510708,,636.2677545643762,1288.797725194494,1.0,2.41826950815107,,0.0,5_7,,,,,,
295,5-7_0_F9_1,2,2792.472000485206,29946.490304155144,698.0,1.105977012601841,,169.8700246355713,863.06892276721,0.6293958521190262,16.438874406923787,,0.0,5_7,,,,,,
296,5-7_0_F9_1,3,2820.657173240765,30094.94594346746,1108.0,6.11020943376789,,583.3070900441872,2998.378424840344,0.9990982867448152,4.835629844696542,,0.0,5_7,,,,,,
297,5-8_0_G1_1,0,1522.394362969062,22216.354479774047,1262.0,1.338776009509464,,587.9361620552395,773.4665655015293,0.2360643471754583,2.5893871838861746,,0.0,5_8,0.12407019544185346,0.07080617136117963,0.12340033014696729,0.0009473325849909431,0.07542529569746806,0.006532428282666593
298,5-8_0_G1_1,1,1538.399867707383,22330.93252205367,5346.0,16.25389457648743,,854.012781190484,10923.71682626512,1.0,1.8013780374139965,,0.0,5_8,,,,,,
299,5-8_0_G1_1,2,2791.408576878491,29940.87425294958,1173.0,2.350862881961241,,540.1139433970142,2822.579310275705,0.21941638608305275,5.1681846229002995,,0.0,5_8,,,,,,
300,5-8_0_G1_1,3,2819.885071635939,30090.8892098891,4842.0,26.06618020482009,,587.029803787919,22749.85785444765,0.9057239057239057,4.803648900686312,,0.0,5_8,,,,,,
301,5-8_0_G2_1,0,1522.361323865065,22216.117336267736,989.0,1.271639397193292,,451.2658876564604,507.9214591560275,0.30609718353450943,3.3735351275299763,,0.0,5_8,0.12273046485208111,0.08004442003375647,0.12340033014696729,0.0009473325849909431,0.07542529569746806,0.006532428282666593
302,5-8_0_G2_1,1,1538.498133848098,22331.634111929503,3231.0,13.62142139631997,,888.4306282720491,6345.494900729194,1.0,1.7317031683614914,,0.0,5_8,,,,,,
303,5-8_0_G2_1,2,2792.495871027937,29946.616354544232,911.0,1.996133023120228,,435.4097509486439,1391.150007912284,0.2819560507582792,6.413489511761782,,0.0,5_8,,,,,,
304,5-8_0_G2_1,3,2820.059025378715,30091.803237165877,2718.0,18.24701971696787,,587.3576343346587,11335.00153844398,0.841225626740947,4.801263932788061,,0.0,5_8,,,,,,
305,5-9_0_G3_1,0,1522.581543805529,22217.697951388953,994.0,1.104047685128261,,513.794241814657,436.2488240271604,0.3128737802958766,2.963407177215458,,0.0,5_9,0.2800805965573514,0.07890555860993502,0.27310253038198395,0.00986847582434262,0.08018559565606852,0.0018102457509819327
306,5-9_0_G3_1,1,1538.555081342765,22332.040689082423,3177.0,12.54005147827942,,946.5516374175506,5528.746411691105,1.0,1.6254317466930386,,0.0,5_9,,,,,,
307,5-9_0_G3_1,2,2792.282247511826,29945.48827834588,1200.0,3.907103428716384,,593.4112858318658,3035.507104867213,0.3777148253068933,4.705475467318593,,0.0,5_9,,,,,,
308,5-9_0_G3_1,3,2820.640991670131,30094.860928929127,2570.0,15.63813199740237,,527.2810736531452,10837.97714721605,0.8089392508655965,5.349406858334533,,0.0,5_9,,,,,,
309,5-9_0_G4_1,0,1522.550162290411,22217.472719543293,1174.0,1.583994637049181,,677.7532766399345,606.7009547704951,0.29804518913429806,2.24646669336471,,0.0,5_9,0.2661244642066165,0.08146563270220201,0.27310253038198395,0.00986847582434262,0.08018559565606852,0.0018102457509819327
310,5-9_0_G4_1,1,1538.560520880915,22332.079524316494,3939.0,13.84737341318416,,927.5397887295793,7447.323916187985,1.0,1.658754200710064,,0.0,5_9,,,,,,
311,5-9_0_G4_1,2,2792.189516017902,29944.998579917832,1382.0,4.713605471783764,,548.9398530252655,3840.642196101969,0.35085046966235084,5.086512667334774,,0.0,5_9,,,,,,
312,5-9_0_G4_1,3,2820.049339919656,30091.752346377813,3178.0,18.67599572963468,,583.9931879214497,14431.75172771839,0.8068037572988068,4.828907936335327,,0.0,5_9,,,,,,
313,0_standard_0_H11_1,0,1522.622989440498,22217.995411982076,707.0,1.029432944712714,,345.610282438393,150.9334292467666,0.15638133156381331,4.405606739180031,,0.0,0_standard,0.0,0.026192580706867502,0.0,0.0,0.028763920933386995,0.00363642422181938
314,0_standard_0_H11_1,1,1538.570075626623,22332.147739643344,2818.0,22.61434397354689,,914.1389472829109,5762.449715662915,0.6233134262331342,1.6830811991981138,,0.0,0_standard,,,,,,
315,0_standard_0_H11_1,2,2791.0,0.0,0.0,0.0,0,0.0,0.0,0.0,0.0,0,0.0,0_standard,,,,,,
316,0_standard_0_H11_1,3,2819.885759679543,30090.892825220435,4521.0,32.25305363908227,,569.9155466223586,21863.49038062075,1.0,4.947901099367754,,0.0,0_standard,,,,,,
317,0_standard_0_H12_1,0,1522.275069721465,22215.498220966052,735.0,1.023919368189487,,315.0150290090642,207.6078251214079,0.14468503937007873,4.832388710183294,,0.0,0_standard,0.0,0.03133526115990649,0.0,0.0,0.028763920933386995,0.00363642422181938
318,0_standard_0_H12_1,1,1538.514981280984,22331.754395120646,3236.0,25.0464041533433,,900.0943933412677,6625.374017531483,0.637007874015748,1.709281818287764,,0.0,0_standard,,,,,,
319,0_standard_0_H12_1,2,2791.0,0.0,0.0,0.0,0,0.0,0.0,0.0,0.0,0,0.0,0_standard,,,,,,
320,0_standard_0_H12_1,3,2819.804383830151,30090.465231983864,5080.0,33.0633857963405,,587.2700011002739,25095.7096548152,1.0,4.80154678179906,,0.0,0_standard,,,,,,
321,1.9_standard_0_H10_1,0,1526.0,0.0,0.0,0.0,0,0.0,0.0,0.0,0.0,0,0.0,1.9_standard,0.05237716396012567,0.0,0.048255291556227924,0.005829207855963584,0.010108554102778807,0.014295654308131981
322,1.9_standard_0_H10_1,1,1538.599641039775,22332.358818141118,2388.0,20.01106623833135,,960.1112726270321,4228.049019234974,0.577509068923821,1.6025222126909286,,0.0,1.9_standard,,,,,,
323,1.9_standard_0_H10_1,2,2793.626495904586,29952.586087898228,747.0,1.123073097180882,,201.237349398556,964.5305978075362,0.18065296251511487,13.88224653253474,,0.0,1.9_standard,,,,,,
324,1.9_standard_0_H10_1,3,2819.900079700911,30090.96806980049,4135.0,32.28715786460838,,611.3868915589634,18415.09781900039,1.0,4.612300523013347,,0.0,1.9_standard,,,,,,
325,1.9_standard_0_H9_1,0,1522.093622464316,22214.19577034908,726.0,1.262171291197556,,457.6692711493039,100.3678163202006,0.18881664499349804,3.325750096007142,,0.0,1.9_standard,0.044133419152330176,0.020217108205557614,0.048255291556227924,0.005829207855963584,0.010108554102778807,0.014295654308131981
326,1.9_standard_0_H9_1,1,1538.583842147558,22332.24602421929,2604.0,21.78840983847563,,893.4422970071523,4964.499141010178,0.6772431729518855,1.7220852956049841,,0.0,1.9_standard,,,,,,
327,1.9_standard_0_H9_1,2,2790.334698756079,29935.20188967048,763.0,1.229805515511235,,251.0856120152965,759.1635413848061,0.19843953185955787,11.113080818769049,,0.0,1.9_standard,,,,,,
328,1.9_standard_0_H9_1,3,2819.870789829343,30090.814165906428,3845.0,31.15256500294803,,623.3823805073858,17201.55736777361,1.0,4.523500949022946,,0.0,1.9_standard,,,,,,
329,3.9_standard_0_H7_1,0,1526.0,0.0,0.0,0.0,0,0.0,0.0,0.0,0.0,0,0.0,3.9_standard,0.06820711899323532,0.0,0.06137378311077646,0.009663796281224003,0.02087510364942464,0.02952185469696042
330,3.9_standard_0_H7_1,1,1538.556775461739,22332.05278414372,2074.0,17.93707788179991,,951.4329821070688,3538.039182435558,0.586870401810979,1.6170942193473368,,0.0,3.9_standard,,,,,,
331,3.9_standard_0_H7_1,2,2792.427807228333,29946.256936539678,736.0,1.4751714121377,,289.6770479501697,1086.307373725186,0.2082625919637804,9.639796549254697,,0.0,3.9_standard,,,,,,
332,3.9_standard_0_H7_1,3,2819.854777757364,30090.730029987335,3534.0,31.26972409249766,,551.9215461454578,15926.5981287514,1.0,5.109158715492867,,0.0,3.9_standard,,,,,,
333,3.9_standard_0_H8_1,0,1527.709422385093,22254.47039109307,823.0,1.866977445500283,,682.7135161815676,307.1208606262716,0.17156556180946425,2.2377020319293033,,0.0,3.9_standard,0.05454044722831759,0.04175020729884928,0.06137378311077646,0.009663796281224003,0.02087510364942464,0.02952185469696042
334,3.9_standard_0_H8_1,1,1538.585461244011,22332.257583552775,3078.0,24.26077606041059,,694.4423447208673,7356.151753400671,0.6416510318949343,2.2155697631924345,,0.0,3.9_standard,,,,,,
335,3.9_standard_0_H8_1,2,2791.920575946127,29943.578308889595,841.0,1.541760714918206,,244.0873679804088,1274.965149188612,0.1753179070252241,11.438201817024039,,0.0,3.9_standard,,,,,,
336,3.9_standard_0_H8_1,3,2819.981446911431,30091.395610288746,4797.0,34.99856529064621,,600.3296090022205,23376.50705083778,1.0,4.697388575583318,,0.0,3.9_standard,,,,,,
337,7.8_standard_0_H5_1,0,1527.546375180071,22253.302126628834,828.0,2.527797181090133,,901.9141322841732,493.7530960502655,0.19363891487371376,1.6936716262682696,,0.0,7.8_standard,0.08587968416848525,0.07756962087512106,0.08037714979318929,0.007781758740967601,0.0869309529356729,0.013238922761910493
338,7.8_standard_0_H5_1,1,1538.546627888661,22331.98033605088,3410.0,30.9050681444585,,978.6966004079678,6365.289535772724,0.7974742750233863,1.5720363463481133,,0.0,7.8_standard,,,,,,
339,7.8_standard_0_H5_1,2,2791.833768629035,29943.11986512434,846.0,2.176980766155372,,334.2531683898727,1719.748290399696,0.19784845650140317,8.352452669566446,,0.0,7.8_standard,,,,,,
340,7.8_standard_0_H5_1,3,2820.366431062002,30093.41840806705,4276.0,34.86765242474927,,641.7308177781381,20025.08866969939,1.0,4.394936869055074,,0.0,7.8_standard,,,,,,
341,7.8_standard_0_H6_1,0,1527.55067269043,22253.33291992212,799.0,2.442413033371386,,674.0294609235119,526.9364997310688,0.21031850486970255,2.2662965956969865,,0.0,7.8_standard,0.07487461541789332,0.09629228499622475,0.08037714979318929,0.007781758740967601,0.0869309529356729,0.013238922761910493
342,7.8_standard_0_H6_1,1,1538.586043424401,22332.261739954225,2802.0,25.19661445589644,,957.7770982973221,5472.260833271616,0.7375625164516978,1.6064134819673654,,0.0,7.8_standard,,,,,,
343,7.8_standard_0_H6_1,2,2792.108607993697,29944.571312383552,785.0,1.90233412830702,,259.6975448168603,1230.981863941263,0.2066333245590945,10.75138623263729,,0.0,7.8_standard,,,,,,
344,7.8_standard_0_H6_1,3,2820.428753795671,30093.74585328527,3799.0,33.40073055306444,,562.415597235172,16440.5767838787,1.0,5.014848037040338,,0.0,7.8_standard,,,,,,
345,15.1_standard_0_H3_1,0,1527.528929683253,22253.177122571557,1058.0,5.017839396796824,,967.9058572121724,1110.978089251321,0.24204987417067034,1.5781792395418959,,0.0,15.1_standard,0.12222822480969091,0.17516036059228107,0.1289339234489709,0.009483289960856603,0.17820466140075125,0.004305291491282171
346,15.1_standard_0_H3_1,1,1538.535634903032,22331.90185190485,3081.0,27.11641520170085,,968.2873188295531,6342.63417530484,0.7048730267673301,1.5889246972301403,,0.0,15.1_standard,,,,,,
347,15.1_standard_0_H3_1,2,2791.77128388442,29942.789868405194,1034.0,3.779620132975066,,539.2385482127863,2476.532106885014,0.23655913978494625,5.177247237122174,,0.0,15.1_standard,,,,,,
348,15.1_standard_0_H3_1,3,2819.775234229726,30090.312062512618,4371.0,35.40086728777873,,620.1395941234196,20261.54033359291,1.0,4.54700080586781,,0.0,15.1_standard,,,,,,
349,15.1_standard_0_H4_1,0,1527.557787079222,22253.383897122636,1139.0,5.195969350465787,,677.6973539505483,1338.342005241006,0.222200546234881,2.2540412444795943,,0.0,15.1_standard,0.13563962208825087,0.18124896220922143,0.1289339234489709,0.009483289960856603,0.17820466140075125,0.004305291491282171
350,15.1_standard_0_H4_1,1,1538.544600058231,22331.965858427524,3391.0,27.74187104073352,,914.1385851327401,7383.998169854984,0.6615294576667967,1.6830539975892411,,0.0,15.1_standard,,,,,,
351,15.1_standard_0_H4_1,2,2792.390090004391,29946.057764885983,1147.0,4.03883141704317,,524.314338761067,3566.749389923788,0.22376121732344909,5.3257938674778424,,0.0,15.1_standard,,,,,,
352,15.1_standard_0_H4_1,3,2819.822705169389,30090.561502870176,5126.0,36.57415743254295,,550.2372451660118,26295.77799621974,1.0,5.124739791684988,,0.0,15.1_standard,,,,,,
353,31.25_standard_0_H1_1,0,1527.430610001647,22252.472608708955,1728.0,10.70958539754997,,939.0377144249512,3192.847804637519,0.2915963550455619,1.6265913355109665,,0.0,31.25_standard,0.21257691083254443,0.3603302481835733,0.21084023297515625,0.002456033379393598,0.33073069059895044,0.041860095776417236
354,31.25_standard_0_H1_1,1,1538.429013889967,22331.140619151003,4134.0,34.17703755283708,,917.3205221534128,8860.89308553107,0.6976037799527506,1.6770899339289829,,0.0,31.25_standard,,,,,,
355,31.25_standard_0_H1_1,2,2791.551882048219,29941.631125747466,1672.0,8.115141963381278,,517.8747584487039,6239.177348060329,0.28214647316908537,5.39039958311605,,0.0,31.25_standard,,,,,,
356,31.25_standard_0_H1_1,3,2819.633058381171,30089.564973886598,5926.0,42.79268528099882,,607.2668503115126,29350.21175924033,1.0,4.643153264392367,,0.0,31.25_standard,,,,,,
357,31.25_standard_0_H2_1,0,1527.49120048998,22252.906775139847,1366.0,8.331060476334581,,963.2674545964836,1964.151534478417,0.30081479850253245,1.5857394467145698,,0.0,31.25_standard,0.2091035551177681,0.3011311330143276,0.21084023297515625,0.002456033379393598,0.33073069059895044,0.041860095776417236
358,31.25_standard_0_H2_1,1,1538.50530922601,22331.68534102352,3134.0,27.66087008546784,,967.7096844028682,6522.578767652577,0.6901563532261616,1.5898418027875323,,0.0,31.25_standard,,,,,,
359,31.25_standard_0_H2_1,2,2792.216679522072,29945.14202637705,1352.0,6.44084791338187,,533.7793195552939,4510.218001257867,0.29773177714159876,5.231031958765925,,0.0,31.25_standard,,,,,,
360,31.25_standard_0_H2_1,3,2819.738365597572,30090.11833147266,4541.0,35.61747715891512,,608.9167463292623,21569.30329911269,1.0,4.630745307295001,,0.0,31.25_standard,,,,,,
361,62.5_standard_0_G11_1,0,1527.602042455775,22253.70100040595,4351.0,30.76259888220675,,644.7234389396805,10199.04211920231,0.441233140655106,2.369391199687244,,0.0,62.5_standard,0.34214138001905786,0.6643316800889231,0.3416810538319691,0.0006509995369286694,0.6488590843284437,0.02188155476958736
362,62.5_standard_0_G11_1,1,1538.624552046262,22332.53666550559,6437.0,48.23830184197887,,890.5971569727736,15352.33442101863,0.652773552378055,1.7276324542469867,,0.0,62.5_standard,,,,,,
363,62.5_standard_0_G11_1,2,2791.80205283758,29942.95236699413,3654.0,17.62780588976272,,549.6009112539214,17837.1970986987,0.3705506540918771,5.079689636008879,,0.0,62.5_standard,,,,,,
364,62.5_standard_0_G11_1,3,2820.001066937251,30091.498701929988,9861.0,55.44786190424655,,587.3104931415986,52133.99530248325,1.0,4.801550627595135,,0.0,62.5_standard,,,,,,
365,62.5_standard_0_G12_1,0,1527.600810485445,22253.69217302523,3521.0,27.20308816114385,,647.4342157242995,8085.468554608101,0.41457671023195575,2.3594687666861764,,0.0,62.5_standard,0.34122072764488043,0.6333864885679644,0.3416810538319691,0.0006509995369286694,0.6488590843284437,0.02188155476958736
366,62.5_standard_0_G12_1,1,1538.616274570986,22332.477570215975,5101.0,42.07536473367232,,908.2350918517088,12765.45790057614,0.600612268927352,1.6940727003116083,,0.0,62.5_standard,,,,,,
367,62.5_standard_0_G12_1,2,2791.885277755326,29943.391894191278,3177.0,16.99448415105449,,548.2052457743094,15363.36140420959,0.3740727658071353,5.092773736252639,,0.0,62.5_standard,,,,,,
368,62.5_standard_0_G12_1,3,2819.844929379859,30090.678281267985,8493.0,53.75259832899815,,559.332863452317,45024.70148940876,1.0,5.041443322273607,,0.0,62.5_standard,,,,,,
369,125_standard_0_G10_1,0,1527.650473376018,22254.048017417135,5038.0,35.42734983754747,,618.2969649377682,12290.10281267766,0.7041229909154437,2.470739078477891,,0.0,125_standard,0.8170711032301164,1.267565350295439,0.821145917512357,0.005762657622101363,1.2517807805280163,0.02232275264131248
370,125_standard_0_G10_1,1,1538.679176945267,22332.926644429113,4278.0,29.22526843782709,,893.9012777641105,9695.833678171412,0.5979035639412998,1.7213077273968338,,0.0,125_standard,,,,,,
371,125_standard_0_G10_1,2,2792.062081126528,29944.3256056076,5948.0,33.05314599615641,,538.0478929463986,31169.1869069473,0.8313067784765898,5.1892445221501475,,0.0,125_standard,,,,,,
372,125_standard_0_G10_1,3,2820.111348671955,30092.078160509263,7155.0,40.53025215754518,,586.3461642162135,38147.45960752566,1.0,4.809635537467329,,0.0,125_standard,,,,,,
373,125_standard_0_G9_1,0,1527.625157034052,22253.866621571084,4261.0,33.77385122596463,,641.702665053999,9197.501200458048,0.6746358454718177,2.380580976557894,,0.0,125_standard,0.8252207317945977,1.2359962107605937,0.821145917512357,0.005762657622101363,1.2517807805280163,0.02232275264131248
374,125_standard_0_G9_1,1,1538.644091870661,22332.676165325407,3435.0,26.07807160868276,,921.1989900929697,7441.366826519792,0.5438568714376187,1.6702624605736673,,0.0,125_standard,,,,,,
375,125_standard_0_G9_1,2,2791.88819356615,29943.407293042626,5247.0,33.53299301387174,,586.2165475442818,26702.1972661832,0.8307473084230526,4.762554392675611,,0.0,125_standard,,,,,,
376,125_standard_0_G9_1,3,2820.075314495771,30091.888825681977,6316.0,41.27378770703753,,591.1378438390188,32357.64230997233,1.0,4.770588355807831,,0.0,125_standard,,,,,,
377,250_standard_0_G7_1,0,1527.55678238277,22253.37669811197,6066.0,58.97771888653292,,633.9120328757355,13738.05896261848,0.7812982998454405,2.4097299044049127,,0.0,250_standard,1.669761319774212,2.285622004713948,1.6649685327690227,0.006778024384382911,2.2827728967365943,0.004029247142152832
378,250_standard_0_G7_1,1,1538.598129378438,22332.348025877436,2772.0,23.42920909472332,,935.9842257397886,6010.643463479359,0.357032457496136,1.6438291234687763,,0.0,250_standard,,,,,,
379,250_standard_0_G7_1,2,2791.878671084016,29943.357003300374,7764.0,60.73964822522882,,557.1414651652461,40083.12843204584,1.0,5.011076801214132,,0.0,250_standard,,,,,,
380,250_standard_0_G7_1,3,2819.92911262376,30091.12062275544,4661.0,34.11829543262961,,624.0345293786563,24005.30420567291,0.6003348789283874,4.518867113702073,,0.0,250_standard,,,,,,
381,250_standard_0_G8_1,0,1527.541422951512,22253.26664197682,3082.0,32.2320176443152,,650.5729366234286,6129.624495524662,0.7916773696378114,2.3479941094378773,,0.0,250_standard,1.6601757457638335,2.2799237887592407,1.6649685327690227,0.006778024384382911,2.2827728967365943,0.004029247142152832
382,250_standard_0_G8_1,1,1538.566832388347,22332.124584832465,1590.0,13.21652918036966,,947.7994690574386,2688.521662761574,0.40842537888517855,1.6233041720506667,,0.0,250_standard,,,,,,
383,250_standard_0_G8_1,2,2792.327746429379,29945.72854697418,3893.0,38.84378370306256,,629.896191902952,17696.61900445064,1.0,4.432996710130283,,0.0,250_standard,,,,,,
384,250_standard_0_G8_1,3,2820.419315221256,30093.69626301237,2430.0,21.71666771145872,,653.8600374979819,10659.48532834912,0.6241972771641408,4.313490890212052,,0.0,250_standard,,,,,,
